DATE,DTB6
2005-01-03,2.560
2005-01-04,2.560
2005-01-05,2.560
2005-01-06,2.560
2005-01-07,2.560
2005-01-10,2.600
2005-01-11,2.600
2005-01-12,2.570
2005-01-13,2.580
2005-01-14,2.610
2005-01-17,.
2005-01-18,2.640
2005-01-19,2.620
2005-01-20,2.600
2005-01-21,2.590
2005-01-24,2.620
2005-01-25,2.630
2005-01-26,2.640
2005-01-27,2.650
2005-01-28,2.640
2005-01-31,2.720
2005-02-01,2.700
2005-02-02,2.690
2005-02-03,2.690
2005-02-04,2.680
2005-02-07,2.710
2005-02-08,2.710
2005-02-09,2.700
2005-02-10,2.710
2005-02-11,2.750
2005-02-14,2.770
2005-02-15,2.780
2005-02-16,2.780
2005-02-17,2.770
2005-02-18,2.820
2005-02-21,.
2005-02-22,2.860
2005-02-23,2.860
2005-02-24,2.860
2005-02-25,2.870
2005-02-28,2.930
2005-03-01,2.920
2005-03-02,2.910
2005-03-03,2.910
2005-03-04,2.920
2005-03-07,2.940
2005-03-08,2.940
2005-03-09,2.940
2005-03-10,2.950
2005-03-11,2.970
2005-03-14,3.010
2005-03-15,3.010
2005-03-16,3.000
2005-03-17,2.990
2005-03-18,3.020
2005-03-21,3.040
2005-03-22,3.080
2005-03-23,3.050
2005-03-24,3.070
2005-03-25,.
2005-03-28,3.100
2005-03-29,3.080
2005-03-30,3.060
2005-03-31,3.040
2005-04-01,3.040
2005-04-04,3.050
2005-04-05,3.040
2005-04-06,3.020
2005-04-07,3.030
2005-04-08,3.050
2005-04-11,3.080
2005-04-12,3.070
2005-04-13,3.060
2005-04-14,3.050
2005-04-15,3.030
2005-04-18,3.060
2005-04-19,3.040
2005-04-20,3.020
2005-04-21,3.040
2005-04-22,3.050
2005-04-25,3.100
2005-04-26,3.090
2005-04-27,3.080
2005-04-28,3.060
2005-04-29,3.080
2005-05-02,3.100
2005-05-03,3.100
2005-05-04,3.080
2005-05-05,3.050
2005-05-06,3.100
2005-05-09,3.130
2005-05-10,3.110
2005-05-11,3.090
2005-05-12,3.080
2005-05-13,3.040
2005-05-16,3.090
2005-05-17,3.080
2005-05-18,3.060
2005-05-19,3.050
2005-05-20,3.080
2005-05-23,3.100
2005-05-24,3.080
2005-05-25,3.080
2005-05-26,3.060
2005-05-27,3.050
2005-05-30,.
2005-05-31,3.090
2005-06-01,3.030
2005-06-02,3.040
2005-06-03,3.040
2005-06-06,3.060
2005-06-07,3.050
2005-06-08,3.060
2005-06-09,3.050
2005-06-10,3.050
2005-06-13,3.130
2005-06-14,3.130
2005-06-15,3.130
2005-06-16,3.120
2005-06-17,3.130
2005-06-20,3.170
2005-06-21,3.180
2005-06-22,3.150
2005-06-23,3.170
2005-06-24,3.170
2005-06-27,3.230
2005-06-28,3.250
2005-06-29,3.230
2005-06-30,3.240
2005-07-01,3.280
2005-07-04,.
2005-07-05,3.330
2005-07-06,3.310
2005-07-07,3.270
2005-07-08,3.290
2005-07-11,3.360
2005-07-12,3.370
2005-07-13,3.350
2005-07-14,3.360
2005-07-15,3.370
2005-07-18,3.430
2005-07-19,3.430
2005-07-20,3.430
2005-07-21,3.490
2005-07-22,3.500
2005-07-25,3.560
2005-07-26,3.550
2005-07-27,3.550
2005-07-28,3.540
2005-07-29,3.570
2005-08-01,3.610
2005-08-02,3.610
2005-08-03,3.600
2005-08-04,3.600
2005-08-05,3.630
2005-08-08,3.700
2005-08-09,3.670
2005-08-10,3.660
2005-08-11,3.660
2005-08-12,3.670
2005-08-15,3.700
2005-08-16,3.680
2005-08-17,3.680
2005-08-18,3.660
2005-08-19,3.690
2005-08-22,3.700
2005-08-23,3.690
2005-08-24,3.690
2005-08-25,3.690
2005-08-26,3.700
2005-08-29,3.710
2005-08-30,3.670
2005-08-31,3.620
2005-09-01,3.510
2005-09-02,3.520
2005-09-05,.
2005-09-06,3.580
2005-09-07,3.610
2005-09-08,3.610
2005-09-09,3.610
2005-09-12,3.670
2005-09-13,3.650
2005-09-14,3.640
2005-09-15,3.650
2005-09-16,3.690
2005-09-19,3.720
2005-09-20,3.760
2005-09-21,3.710
2005-09-22,3.690
2005-09-23,3.700
2005-09-26,3.760
2005-09-27,3.750
2005-09-28,3.750
2005-09-29,3.760
2005-09-30,3.800
2005-10-03,3.890
2005-10-04,3.890
2005-10-05,3.870
2005-10-06,3.870
2005-10-07,3.870
2005-10-10,.
2005-10-11,3.960
2005-10-12,3.960
2005-10-13,3.950
2005-10-14,3.950
2005-10-17,4.030
2005-10-18,4.010
2005-10-19,4.010
2005-10-20,4.020
2005-10-21,4.020
2005-10-24,4.060
2005-10-25,4.070
2005-10-26,4.070
2005-10-27,4.060
2005-10-28,4.080
2005-10-31,4.120
2005-11-01,4.110
2005-11-02,4.110
2005-11-03,4.120
2005-11-04,4.130
2005-11-07,4.160
2005-11-08,4.150
2005-11-09,4.170
2005-11-10,4.150
2005-11-11,.
2005-11-14,4.200
2005-11-15,4.190
2005-11-16,4.150
2005-11-17,4.150
2005-11-18,4.160
2005-11-21,4.150
2005-11-22,4.090
2005-11-23,4.140
2005-11-24,.
2005-11-25,4.130
2005-11-28,4.16
2005-11-29,4.17
2005-11-30,4.16
2005-12-01,4.17
2005-12-02,4.16
2005-12-05,4.20
2005-12-06,4.18
2005-12-07,4.17
2005-12-08,4.12
2005-12-09,4.13
2005-12-12,4.19
2005-12-13,4.19
2005-12-14,4.15
2005-12-15,4.16
2005-12-16,4.15
2005-12-19,4.22
2005-12-20,4.22
2005-12-21,4.20
2005-12-22,4.17
2005-12-23,4.17
2005-12-26,.
2005-12-27,4.20
2005-12-28,4.18
2005-12-29,4.19
2005-12-30,4.22
2006-01-02,.
2006-01-03,4.25
2006-01-04,4.22
2006-01-05,4.22
2006-01-06,4.24
2006-01-09,4.25
2006-01-10,4.27
2006-01-11,4.29
2006-01-12,4.28
2006-01-13,4.28
2006-01-16,.
2006-01-17,4.31
2006-01-18,4.30
2006-01-19,4.31
2006-01-20,4.32
2006-01-23,4.34
2006-01-24,4.35
2006-01-25,4.38
2006-01-26,4.38
2006-01-27,4.39
2006-01-30,4.45
2006-01-31,4.43
2006-02-01,4.44
2006-02-02,4.45
2006-02-03,4.47
2006-02-06,4.51
2006-02-07,4.50
2006-02-08,4.50
2006-02-09,4.50
2006-02-10,4.53
2006-02-13,4.54
2006-02-14,4.55
2006-02-15,4.53
2006-02-16,4.52
2006-02-17,4.52
2006-02-20,.
2006-02-21,4.56
2006-02-22,4.53
2006-02-23,4.56
2006-02-24,4.56
2006-02-27,4.59
2006-02-28,4.57
2006-03-01,4.58
2006-03-02,4.58
2006-03-03,4.58
2006-03-06,4.60
2006-03-07,4.60
2006-03-08,4.60
2006-03-09,4.60
2006-03-10,4.61
2006-03-13,4.65
2006-03-14,4.62
2006-03-15,4.63
2006-03-16,4.60
2006-03-17,4.61
2006-03-20,4.61
2006-03-21,4.64
2006-03-22,4.63
2006-03-23,4.63
2006-03-24,4.61
2006-03-27,4.62
2006-03-28,4.65
2006-03-29,4.65
2006-03-30,4.66
2006-03-31,4.64
2006-04-03,4.68
2006-04-04,4.67
2006-04-05,4.65
2006-04-06,4.67
2006-04-07,4.67
2006-04-10,4.71
2006-04-11,4.70
2006-04-12,4.73
2006-04-13,4.76
2006-04-14,.
2006-04-17,4.75
2006-04-18,4.72
2006-04-19,4.72
2006-04-20,4.72
2006-04-21,4.72
2006-04-24,4.75
2006-04-25,4.77
2006-04-26,4.79
2006-04-27,4.75
2006-04-28,4.73
2006-05-01,4.79
2006-05-02,4.79
2006-05-03,4.81
2006-05-04,4.82
2006-05-05,4.81
2006-05-08,4.84
2006-05-09,4.84
2006-05-10,4.84
2006-05-11,4.80
2006-05-12,4.81
2006-05-15,4.83
2006-05-16,4.80
2006-05-17,4.81
2006-05-18,4.79
2006-05-19,4.81
2006-05-22,4.83
2006-05-23,4.83
2006-05-24,4.80
2006-05-25,4.82
2006-05-26,4.83
2006-05-29,.
2006-05-30,4.85
2006-05-31,4.89
2006-06-01,4.87
2006-06-02,4.82
2006-06-05,4.85
2006-06-06,4.86
2006-06-07,4.87
2006-06-08,4.87
2006-06-09,4.88
2006-06-12,4.93
2006-06-13,4.93
2006-06-14,4.97
2006-06-15,4.96
2006-06-16,4.99
2006-06-19,5.05
2006-06-20,5.04
2006-06-21,5.03
2006-06-22,5.04
2006-06-23,5.07
2006-06-26,5.11
2006-06-27,5.10
2006-06-28,5.10
2006-06-29,5.06
2006-06-30,5.04
2006-07-03,5.10
2006-07-04,.
2006-07-05,5.11
2006-07-06,5.10
2006-07-07,5.08
2006-07-10,5.11
2006-07-11,5.09
2006-07-12,5.09
2006-07-13,5.07
2006-07-14,5.06
2006-07-17,5.09
2006-07-18,5.12
2006-07-19,5.07
2006-07-20,5.04
2006-07-21,5.05
2006-07-24,5.06
2006-07-25,5.05
2006-07-26,5.01
2006-07-27,5.00
2006-07-28,4.96
2006-07-31,4.98
2006-08-01,4.98
2006-08-02,4.98
2006-08-03,4.99
2006-08-04,4.96
2006-08-07,5.00
2006-08-08,4.96
2006-08-09,4.95
2006-08-10,4.96
2006-08-11,5.00
2006-08-14,5.04
2006-08-15,4.99
2006-08-16,4.96
2006-08-17,4.98
2006-08-18,4.99
2006-08-21,4.98
2006-08-22,4.97
2006-08-23,4.97
2006-08-24,4.97
2006-08-25,4.97
2006-08-28,4.98
2006-08-29,4.96
2006-08-30,4.94
2006-08-31,4.92
2006-09-01,4.91
2006-09-04,.
2006-09-05,4.93
2006-09-06,4.92
2006-09-07,4.93
2006-09-08,4.91
2006-09-11,4.93
2006-09-12,4.92
2006-09-13,4.89
2006-09-14,4.92
2006-09-15,4.92
2006-09-18,4.92
2006-09-19,4.90
2006-09-20,4.90
2006-09-21,4.85
2006-09-22,4.83
2006-09-25,4.82
2006-09-26,4.83
2006-09-27,4.82
2006-09-28,4.82
2006-09-29,4.83
2006-10-02,4.83
2006-10-03,4.83
2006-10-04,4.81
2006-10-05,4.84
2006-10-06,4.86
2006-10-09,.
2006-10-10,4.90
2006-10-11,4.91
2006-10-12,4.93
2006-10-13,4.94
2006-10-16,4.95
2006-10-17,4.95
2006-10-18,4.94
2006-10-19,4.96
2006-10-20,4.95
2006-10-23,4.98
2006-10-24,4.99
2006-10-25,4.98
2006-10-26,4.98
2006-10-27,4.96
2006-10-30,4.96
2006-10-31,4.93
2006-11-01,4.90
2006-11-02,4.93
2006-11-03,4.98
2006-11-06,4.98
2006-11-07,4.96
2006-11-08,4.96
2006-11-09,4.96
2006-11-10,4.96
2006-11-13,4.96
2006-11-14,4.95
2006-11-15,4.96
2006-11-16,4.97
2006-11-17,4.95
2006-11-20,4.95
2006-11-21,4.95
2006-11-22,4.95
2006-11-23,.
2006-11-24,4.94
2006-11-27,4.94
2006-11-28,4.93
2006-11-29,4.93
2006-11-30,4.91
2006-12-01,4.86
2006-12-04,4.85
2006-12-05,4.84
2006-12-06,4.86
2006-12-07,4.86
2006-12-08,4.89
2006-12-11,4.88
2006-12-12,4.87
2006-12-13,4.88
2006-12-14,4.89
2006-12-15,4.88
2006-12-18,4.90
2006-12-19,4.89
2006-12-20,4.89
2006-12-21,4.87
2006-12-22,4.89
2006-12-25,.
2006-12-26,4.91
2006-12-27,4.91
2006-12-28,4.91
2006-12-29,4.90
2007-01-01,.
2007-01-02,4.91
2007-01-03,4.90
2007-01-04,4.88
2007-01-05,4.90
2007-01-08,4.93
2007-01-09,4.93
2007-01-10,4.93
2007-01-11,4.95
2007-01-12,4.96
2007-01-15,.
2007-01-16,4.96
2007-01-17,4.96
2007-01-18,4.96
2007-01-19,4.97
2007-01-22,4.98
2007-01-23,4.98
2007-01-24,4.97
2007-01-25,4.98
2007-01-26,4.98
2007-01-29,4.99
2007-01-30,4.98
2007-01-31,4.96
2007-02-01,4.96
2007-02-02,4.96
2007-02-05,4.96
2007-02-06,4.96
2007-02-07,4.96
2007-02-08,4.96
2007-02-09,4.97
2007-02-12,4.98
2007-02-13,4.97
2007-02-14,4.96
2007-02-15,4.95
2007-02-16,4.96
2007-02-19,.
2007-02-20,4.96
2007-02-21,4.96
2007-02-22,4.97
2007-02-23,4.97
2007-02-26,4.97
2007-02-27,4.89
2007-02-28,4.91
2007-03-01,4.90
2007-03-02,4.87
2007-03-05,4.87
2007-03-06,4.89
2007-03-07,4.88
2007-03-08,4.88
2007-03-09,4.93
2007-03-12,4.92
2007-03-13,4.89
2007-03-14,4.89
2007-03-15,4.91
2007-03-16,4.93
2007-03-19,4.92
2007-03-20,4.91
2007-03-21,4.87
2007-03-22,4.88
2007-03-23,4.90
2007-03-26,4.88
2007-03-27,4.88
2007-03-28,4.87
2007-03-29,4.86
2007-03-30,4.86
2007-04-02,4.88
2007-04-03,4.88
2007-04-04,4.87
2007-04-05,4.87
2007-04-06,4.90
2007-04-09,4.90
2007-04-10,4.89
2007-04-11,4.89
2007-04-12,4.89
2007-04-13,4.89
2007-04-16,4.88
2007-04-17,4.86
2007-04-18,4.84
2007-04-19,4.84
2007-04-20,4.85
2007-04-23,4.84
2007-04-24,4.83
2007-04-25,4.83
2007-04-26,4.84
2007-04-27,4.83
2007-04-30,4.83
2007-05-01,4.81
2007-05-02,4.82
2007-05-03,4.83
2007-05-04,4.83
2007-05-07,4.83
2007-05-08,4.82
2007-05-09,4.79
2007-05-10,4.75
2007-05-11,4.72
2007-05-14,4.74
2007-05-15,4.71
2007-05-16,4.67
2007-05-17,4.71
2007-05-18,4.78
2007-05-21,4.81
2007-05-22,4.82
2007-05-23,4.81
2007-05-24,4.79
2007-05-25,4.77
2007-05-28,.
2007-05-29,4.80
2007-05-30,4.79
2007-05-31,4.76
2007-06-01,4.78
2007-06-04,4.79
2007-06-05,4.79
2007-06-06,4.75
2007-06-07,4.77
2007-06-08,4.74
2007-06-11,4.76
2007-06-12,4.77
2007-06-13,4.74
2007-06-14,4.73
2007-06-15,4.68
2007-06-18,4.73
2007-06-19,4.71
2007-06-20,4.77
2007-06-21,4.76
2007-06-22,4.75
2007-06-25,4.81
2007-06-26,4.81
2007-06-27,4.75
2007-06-28,4.75
2007-06-29,4.74
2007-07-02,4.82
2007-07-03,4.82
2007-07-04,.
2007-07-05,4.83
2007-07-06,4.81
2007-07-09,4.85
2007-07-10,4.83
2007-07-11,4.84
2007-07-12,4.85
2007-07-13,4.85
2007-07-16,4.87
2007-07-17,4.87
2007-07-18,4.85
2007-07-19,4.86
2007-07-20,4.85
2007-07-23,4.89
2007-07-24,4.87
2007-07-25,4.85
2007-07-26,4.76
2007-07-27,4.75
2007-07-30,4.80
2007-07-31,4.79
2007-08-01,4.76
2007-08-02,4.75
2007-08-03,4.72
2007-08-06,4.72
2007-08-07,4.78
2007-08-08,4.81
2007-08-09,4.67
2007-08-10,4.62
2007-08-13,4.70
2007-08-14,4.62
2007-08-15,4.31
2007-08-16,4.07
2007-08-17,4.04
2007-08-20,4.02
2007-08-21,3.93
2007-08-22,3.93
2007-08-23,4.04
2007-08-24,4.16
2007-08-27,4.51
2007-08-28,4.31
2007-08-29,4.14
2007-08-30,4.06
2007-08-31,4.06
2007-09-03,.
2007-09-04,4.35
2007-09-05,4.24
2007-09-06,4.25
2007-09-07,4.05
2007-09-10,4.05
2007-09-11,4.11
2007-09-12,4.05
2007-09-13,4.11
2007-09-14,4.07
2007-09-17,4.15
2007-09-18,3.97
2007-09-19,3.94
2007-09-20,3.96
2007-09-21,3.95
2007-09-24,3.96
2007-09-25,3.91
2007-09-26,3.91
2007-09-27,3.92
2007-09-28,3.94
2007-10-01,4.00
2007-10-02,4.01
2007-10-03,4.01
2007-10-04,4.00
2007-10-05,4.05
2007-10-08,.
2007-10-09,4.12
2007-10-10,4.11
2007-10-11,4.11
2007-10-12,4.15
2007-10-15,4.23
2007-10-16,4.17
2007-10-17,4.02
2007-10-18,3.94
2007-10-19,3.93
2007-10-22,4.00
2007-10-23,3.97
2007-10-24,3.86
2007-10-25,3.88
2007-10-26,3.91
2007-10-29,3.95
2007-10-30,3.92
2007-10-31,3.94
2007-11-01,3.81
2007-11-02,3.66
2007-11-05,3.80
2007-11-06,3.76
2007-11-07,3.63
2007-11-08,3.55
2007-11-09,3.52
2007-11-12,.
2007-11-13,3.63
2007-11-14,3.57
2007-11-15,3.44
2007-11-16,3.45
2007-11-19,3.43
2007-11-20,3.30
2007-11-21,3.17
2007-11-22,.
2007-11-23,3.28
2007-11-26,3.23
2007-11-27,3.26
2007-11-28,3.27
2007-11-29,3.19
2007-11-30,3.26
2007-12-03,3.17
2007-12-04,3.12
2007-12-05,3.14
2007-12-06,3.18
2007-12-07,3.20
2007-12-10,3.20
2007-12-11,3.07
2007-12-12,3.10
2007-12-13,3.12
2007-12-14,3.16
2007-12-17,3.28
2007-12-18,3.26
2007-12-19,3.22
2007-12-20,3.16
2007-12-21,3.27
2007-12-24,3.45
2007-12-25,.
2007-12-26,3.46
2007-12-27,3.32
2007-12-28,3.34
2007-12-31,3.37
2008-01-01,.
2008-01-02,3.21
2008-01-03,3.18
2008-01-04,3.12
2008-01-07,3.18
2008-01-08,3.16
2008-01-09,3.12
2008-01-10,3.11
2008-01-11,2.98
2008-01-14,2.97
2008-01-15,2.95
2008-01-16,2.95
2008-01-17,2.92
2008-01-18,2.78
2008-01-21,.
2008-01-22,2.34
2008-01-23,2.19
2008-01-24,2.41
2008-01-25,2.34
2008-01-28,2.29
2008-01-29,2.29
2008-01-30,2.23
2008-01-31,2.02
2008-02-01,2.09
2008-02-04,2.16
2008-02-05,2.07
2008-02-06,2.04
2008-02-07,2.07
2008-02-08,2.06
2008-02-11,2.07
2008-02-12,2.06
2008-02-13,2.04
2008-02-14,2.06
2008-02-15,2.02
2008-02-18,.
2008-02-19,2.08
2008-02-20,2.11
2008-02-21,2.04
2008-02-22,2.08
2008-02-25,2.07
2008-02-26,2.03
2008-02-27,1.97
2008-02-28,1.90
2008-02-29,1.78
2008-03-03,1.76
2008-03-04,1.72
2008-03-05,1.71
2008-03-06,1.58
2008-03-07,1.53
2008-03-10,1.42
2008-03-11,1.60
2008-03-12,1.53
2008-03-13,1.47
2008-03-14,1.29
2008-03-17,1.28
2008-03-18,1.29
2008-03-19,1.20
2008-03-20,1.18
2008-03-21,.
2008-03-24,1.57
2008-03-25,1.53
2008-03-26,1.45
2008-03-27,1.46
2008-03-28,1.47
2008-03-31,1.48
2008-04-01,1.50
2008-04-02,1.53
2008-04-03,1.53
2008-04-04,1.50
2008-04-07,1.58
2008-04-08,1.55
2008-04-09,1.48
2008-04-10,1.46
2008-04-11,1.37
2008-04-14,1.38
2008-04-15,1.39
2008-04-16,1.46
2008-04-17,1.55
2008-04-18,1.64
2008-04-21,1.65
2008-04-22,1.61
2008-04-23,1.60
2008-04-24,1.62
2008-04-25,1.69
2008-04-28,1.70
2008-04-29,1.70
2008-04-30,1.60
2008-05-01,1.69
2008-05-02,1.68
2008-05-05,1.72
2008-05-06,1.72
2008-05-07,1.71
2008-05-08,1.70
2008-05-09,1.70
2008-05-12,1.83
2008-05-13,1.85
2008-05-14,1.86
2008-05-15,1.85
2008-05-16,1.86
2008-05-19,1.85
2008-05-20,1.86
2008-05-21,1.86
2008-05-22,1.90
2008-05-23,1.89
2008-05-26,.
2008-05-27,1.90
2008-05-28,1.95
2008-05-29,1.88
2008-05-30,1.96
2008-06-02,1.95
2008-06-03,1.95
2008-06-04,1.94
2008-06-05,1.95
2008-06-06,1.95
2008-06-09,2.07
2008-06-10,2.19
2008-06-11,2.13
2008-06-12,2.22
2008-06-13,2.24
2008-06-16,2.36
2008-06-17,2.27
2008-06-18,2.23
2008-06-19,2.23
2008-06-20,2.17
2008-06-23,2.26
2008-06-24,2.20
2008-06-25,2.17
2008-06-26,2.11
2008-06-27,2.07
2008-06-30,2.12
2008-07-01,2.08
2008-07-02,2.05
2008-07-03,2.04
2008-07-04,.
2008-07-07,2.05
2008-07-08,2.04
2008-07-09,2.00
2008-07-10,1.96
2008-07-11,1.96
2008-07-14,1.91
2008-07-15,1.86
2008-07-16,1.84
2008-07-17,1.87
2008-07-18,1.86
2008-07-21,1.89
2008-07-22,1.90
2008-07-23,1.86
2008-07-24,1.85
2008-07-25,1.90
2008-07-28,1.88
2008-07-29,1.91
2008-07-30,1.85
2008-07-31,1.84
2008-08-01,1.83
2008-08-04,1.93
2008-08-05,1.92
2008-08-06,1.87
2008-08-07,1.87
2008-08-08,1.90
2008-08-11,2.00
2008-08-12,2.00
2008-08-13,1.95
2008-08-14,1.95
2008-08-15,1.94
2008-08-18,1.98
2008-08-19,1.92
2008-08-20,1.86
2008-08-21,1.90
2008-08-22,1.92
2008-08-25,1.92
2008-08-26,1.90
2008-08-27,1.88
2008-08-28,1.93
2008-08-29,1.92
2008-09-01,.
2008-09-02,1.89
2008-09-03,1.86
2008-09-04,1.85
2008-09-05,1.86
2008-09-08,1.88
2008-09-09,1.85
2008-09-10,1.83
2008-09-11,1.81
2008-09-12,1.80
2008-09-15,1.52
2008-09-16,1.50
2008-09-17,1.02
2008-09-18,0.78
2008-09-19,1.51
2008-09-22,1.73
2008-09-23,1.61
2008-09-24,1.43
2008-09-25,1.54
2008-09-26,1.51
2008-09-29,1.46
2008-09-30,1.57
2008-10-01,1.46
2008-10-02,1.19
2008-10-03,1.11
2008-10-06,1.10
2008-10-07,1.12
2008-10-08,1.05
2008-10-09,1.05
2008-10-10,0.82
2008-10-13,.
2008-10-14,1.05
2008-10-15,0.90
2008-10-16,1.16
2008-10-17,1.22
2008-10-20,1.70
2008-10-21,1.58
2008-10-22,1.50
2008-10-23,1.48
2008-10-24,1.40
2008-10-27,1.34
2008-10-28,1.23
2008-10-29,1.08
2008-10-30,0.98
2008-10-31,0.92
2008-11-03,1.06
2008-11-04,1.02
2008-11-05,0.89
2008-11-06,0.82
2008-11-07,0.82
2008-11-10,0.91
2008-11-11,.
2008-11-12,0.74
2008-11-13,0.92
2008-11-14,0.88
2008-11-17,0.81
2008-11-18,0.76
2008-11-19,0.65
2008-11-20,0.51
2008-11-21,0.44
2008-11-24,0.54
2008-11-25,0.53
2008-11-26,0.48
2008-11-27,.
2008-11-28,0.43
2008-12-01,0.44
2008-12-02,0.42
2008-12-03,0.35
2008-12-04,0.26
2008-12-05,0.22
2008-12-08,0.28
2008-12-09,0.25
2008-12-10,0.21
2008-12-11,0.22
2008-12-12,0.21
2008-12-15,0.28
2008-12-16,0.23
2008-12-17,0.19
2008-12-18,0.15
2008-12-19,0.14
2008-12-22,0.27
2008-12-23,0.26
2008-12-24,0.23
2008-12-25,.
2008-12-26,0.23
2008-12-29,0.25
2008-12-30,0.26
2008-12-31,0.27
2009-01-01,.
2009-01-02,0.28
2009-01-05,0.32
2009-01-06,0.31
2009-01-07,0.29
2009-01-08,0.28
2009-01-09,0.28
2009-01-12,0.29
2009-01-13,0.29
2009-01-14,0.28
2009-01-15,0.29
2009-01-16,0.29
2009-01-19,.
2009-01-20,0.30
2009-01-21,0.30
2009-01-22,0.29
2009-01-23,0.30
2009-01-26,0.34
2009-01-27,0.32
2009-01-28,0.33
2009-01-29,0.35
2009-01-30,0.35
2009-02-02,0.39
2009-02-03,0.40
2009-02-04,0.40
2009-02-05,0.42
2009-02-06,0.43
2009-02-09,0.47
2009-02-10,0.44
2009-02-11,0.45
2009-02-12,0.42
2009-02-13,0.45
2009-02-16,.
2009-02-17,0.47
2009-02-18,0.49
2009-02-19,0.50
2009-02-20,0.47
2009-02-23,0.50
2009-02-24,0.49
2009-02-25,0.51
2009-02-26,0.46
2009-02-27,0.44
2009-03-02,0.44
2009-03-03,0.43
2009-03-04,0.43
2009-03-05,0.39
2009-03-06,0.38
2009-03-09,0.46
2009-03-10,0.46
2009-03-11,0.45
2009-03-12,0.44
2009-03-13,0.41
2009-03-16,0.45
2009-03-17,0.44
2009-03-18,0.39
2009-03-19,0.39
2009-03-20,0.40
2009-03-23,0.40
2009-03-24,0.41
2009-03-25,0.40
2009-03-26,0.38
2009-03-27,0.38
2009-03-30,0.41
2009-03-31,0.42
2009-04-01,0.40
2009-04-02,0.40
2009-04-03,0.41
2009-04-06,0.40
2009-04-07,0.39
2009-04-08,0.38
2009-04-09,0.38
2009-04-10,.
2009-04-13,0.37
2009-04-14,0.35
2009-04-15,0.33
2009-04-16,0.32
2009-04-17,0.35
2009-04-20,0.34
2009-04-21,0.34
2009-04-22,0.32
2009-04-23,0.30
2009-04-24,0.30
2009-04-27,0.30
2009-04-28,0.31
2009-04-29,0.28
2009-04-30,0.28
2009-05-01,0.30
2009-05-04,0.33
2009-05-05,0.33
2009-05-06,0.31
2009-05-07,0.31
2009-05-08,0.30
2009-05-11,0.30
2009-05-12,0.30
2009-05-13,0.29
2009-05-14,0.27
2009-05-15,0.28
2009-05-18,0.30
2009-05-19,0.29
2009-05-20,0.27
2009-05-21,0.29
2009-05-22,0.29
2009-05-25,.
2009-05-26,0.30
2009-05-27,0.29
2009-05-28,0.30
2009-05-29,0.29
2009-06-01,0.29
2009-06-02,0.27
2009-06-03,0.26
2009-06-04,0.27
2009-06-05,0.34
2009-06-08,0.35
2009-06-09,0.31
2009-06-10,0.31
2009-06-11,0.30
2009-06-12,0.28
2009-06-15,0.29
2009-06-16,0.30
2009-06-17,0.31
2009-06-18,0.33
2009-06-19,0.32
2009-06-22,0.34
2009-06-23,0.34
2009-06-24,0.32
2009-06-25,0.30
2009-06-26,0.30
2009-06-29,0.36
2009-06-30,0.35
2009-07-01,0.32
2009-07-02,0.31
2009-07-03,.
2009-07-06,0.28
2009-07-07,0.28
2009-07-08,0.26
2009-07-09,0.26
2009-07-10,0.25
2009-07-13,0.28
2009-07-14,0.28
2009-07-15,0.28
2009-07-16,0.27
2009-07-17,0.28
2009-07-20,0.28
2009-07-21,0.27
2009-07-22,0.27
2009-07-23,0.28
2009-07-24,0.28
2009-07-27,0.27
2009-07-28,0.26
2009-07-29,0.26
2009-07-30,0.26
2009-07-31,0.25
2009-08-03,0.28
2009-08-04,0.28
2009-08-05,0.28
2009-08-06,0.27
2009-08-07,0.29
2009-08-10,0.29
2009-08-11,0.28
2009-08-12,0.27
2009-08-13,0.27
2009-08-14,0.25
2009-08-17,0.27
2009-08-18,0.27
2009-08-19,0.25
2009-08-20,0.25
2009-08-21,0.25
2009-08-24,0.26
2009-08-25,0.26
2009-08-26,0.25
2009-08-27,0.25
2009-08-28,0.24
2009-08-31,0.24
2009-09-01,0.23
2009-09-02,0.22
2009-09-03,0.23
2009-09-04,0.23
2009-09-07,.
2009-09-08,0.24
2009-09-09,0.22
2009-09-10,0.21
2009-09-11,0.21
2009-09-14,0.21
2009-09-15,0.21
2009-09-16,0.20
2009-09-17,0.20
2009-09-18,0.20
2009-09-21,0.20
2009-09-22,0.20
2009-09-23,0.20
2009-09-24,0.19
2009-09-25,0.20
2009-09-28,0.18
2009-09-29,0.19
2009-09-30,0.18
2009-10-01,0.15
2009-10-02,0.15
2009-10-05,0.15
2009-10-06,0.15
2009-10-07,0.14
2009-10-08,0.15
2009-10-09,0.16
2009-10-12,.
2009-10-13,0.15
2009-10-14,0.15
2009-10-15,0.15
2009-10-16,0.17
2009-10-19,0.18
2009-10-20,0.17
2009-10-21,0.17
2009-10-22,0.15
2009-10-23,0.18
2009-10-26,0.18
2009-10-27,0.17
2009-10-28,0.17
2009-10-29,0.17
2009-10-30,0.16
2009-11-02,0.17
2009-11-03,0.17
2009-11-04,0.16
2009-11-05,0.16
2009-11-06,0.16
2009-11-09,0.17
2009-11-10,0.16
2009-11-11,.
2009-11-12,0.16
2009-11-13,0.17
2009-11-16,0.17
2009-11-17,0.16
2009-11-18,0.15
2009-11-19,0.14
2009-11-20,0.13
2009-11-23,0.14
2009-11-24,0.14
2009-11-25,0.14
2009-11-26,.
2009-11-27,0.14
2009-11-30,0.15
2009-12-01,0.15
2009-12-02,0.15
2009-12-03,0.16
2009-12-04,0.17
2009-12-07,0.16
2009-12-08,0.15
2009-12-09,0.14
2009-12-10,0.15
2009-12-11,0.16
2009-12-14,0.16
2009-12-15,0.17
2009-12-16,0.17
2009-12-17,0.15
2009-12-18,0.16
2009-12-21,0.17
2009-12-22,0.18
2009-12-23,0.17
2009-12-24,0.18
2009-12-25,.
2009-12-28,0.20
2009-12-29,0.20
2009-12-30,0.19
2009-12-31,0.20
2010-01-01,.
2010-01-04,0.18
2010-01-05,0.17
2010-01-06,0.15
2010-01-07,0.16
2010-01-08,0.15
2010-01-11,0.13
2010-01-12,0.14
2010-01-13,0.15
2010-01-14,0.14
2010-01-15,0.15
2010-01-18,.
2010-01-19,0.14
2010-01-20,0.14
2010-01-21,0.14
2010-01-22,0.14
2010-01-25,0.14
2010-01-26,0.14
2010-01-27,0.16
2010-01-28,0.15
2010-01-29,0.15
2010-02-01,0.17
2010-02-02,0.17
2010-02-03,0.17
2010-02-04,0.16
2010-02-05,0.17
2010-02-08,0.17
2010-02-09,0.18
2010-02-10,0.19
2010-02-11,0.18
2010-02-12,0.18
2010-02-15,.
2010-02-16,0.18
2010-02-17,0.18
2010-02-18,0.18
2010-02-19,0.20
2010-02-22,0.19
2010-02-23,0.20
2010-02-24,0.19
2010-02-25,0.19
2010-02-26,0.19
2010-03-01,0.19
2010-03-02,0.19
2010-03-03,0.19
2010-03-04,0.19
2010-03-05,0.20
2010-03-08,0.21
2010-03-09,0.21
2010-03-10,0.21
2010-03-11,0.22
2010-03-12,0.23
2010-03-15,0.24
2010-03-16,0.24
2010-03-17,0.23
2010-03-18,0.25
2010-03-19,0.24
2010-03-22,0.24
2010-03-23,0.23
2010-03-24,0.23
2010-03-25,0.24
2010-03-26,0.24
2010-03-29,0.24
2010-03-30,0.24
2010-03-31,0.24
2010-04-01,0.24
2010-04-02,0.25
2010-04-05,0.27
2010-04-06,0.26
2010-04-07,0.25
2010-04-08,0.24
2010-04-09,0.24
2010-04-12,0.24
2010-04-13,0.24
2010-04-14,0.24
2010-04-15,0.23
2010-04-16,0.23
2010-04-19,0.23
2010-04-20,0.24
2010-04-21,0.23
2010-04-22,0.24
2010-04-23,0.25
2010-04-26,0.25
2010-04-27,0.24
2010-04-28,0.24
2010-04-29,0.23
2010-04-30,0.24
2010-05-03,0.25
2010-05-04,0.24
2010-05-05,0.22
2010-05-06,0.16
2010-05-07,0.20
2010-05-10,0.22
2010-05-11,0.23
2010-05-12,0.22
2010-05-13,0.22
2010-05-14,0.22
2010-05-17,0.23
2010-05-18,0.23
2010-05-19,0.23
2010-05-20,0.22
2010-05-21,0.23
2010-05-24,0.23
2010-05-25,0.22
2010-05-26,0.23
2010-05-27,0.23
2010-05-28,0.22
2010-05-31,.
2010-06-01,0.23
2010-06-02,0.22
2010-06-03,0.22
2010-06-04,0.22
2010-06-07,0.21
2010-06-08,0.19
2010-06-09,0.17
2010-06-10,0.18
2010-06-11,0.16
2010-06-14,0.15
2010-06-15,0.16
2010-06-16,0.17
2010-06-17,0.16
2010-06-18,0.17
2010-06-21,0.17
2010-06-22,0.18
2010-06-23,0.19
2010-06-24,0.19
2010-06-25,0.20
2010-06-28,0.22
2010-06-29,0.22
2010-06-30,0.22
2010-07-01,0.22
2010-07-02,0.22
2010-07-05,.
2010-07-06,0.21
2010-07-07,0.20
2010-07-08,0.19
2010-07-09,0.20
2010-07-12,0.20
2010-07-13,0.20
2010-07-14,0.19
2010-07-15,0.20
2010-07-16,0.19
2010-07-19,0.20
2010-07-20,0.19
2010-07-21,0.19
2010-07-22,0.20
2010-07-23,0.20
2010-07-26,0.20
2010-07-27,0.21
2010-07-28,0.20
2010-07-29,0.20
2010-07-30,0.20
2010-08-02,0.20
2010-08-03,0.20
2010-08-04,0.20
2010-08-05,0.19
2010-08-06,0.19
2010-08-09,0.19
2010-08-10,0.19
2010-08-11,0.19
2010-08-12,0.18
2010-08-13,0.19
2010-08-16,0.19
2010-08-17,0.19
2010-08-18,0.19
2010-08-19,0.19
2010-08-20,0.19
2010-08-23,0.19
2010-08-24,0.20
2010-08-25,0.19
2010-08-26,0.19
2010-08-27,0.19
2010-08-30,0.19
2010-08-31,0.19
2010-09-01,0.19
2010-09-02,0.18
2010-09-03,0.19
2010-09-06,.
2010-09-07,0.18
2010-09-08,0.19
2010-09-09,0.19
2010-09-10,0.19
2010-09-13,0.19
2010-09-14,0.20
2010-09-15,0.20
2010-09-16,0.20
2010-09-17,0.20
2010-09-20,0.20
2010-09-21,0.20
2010-09-22,0.19
2010-09-23,0.20
2010-09-24,0.19
2010-09-27,0.19
2010-09-28,0.20
2010-09-29,0.20
2010-09-30,0.19
2010-10-01,0.19
2010-10-04,0.19
2010-10-05,0.18
2010-10-06,0.17
2010-10-07,0.17
2010-10-08,0.16
2010-10-11,.
2010-10-12,0.17
2010-10-13,0.18
2010-10-14,0.17
2010-10-15,0.17
2010-10-18,0.18
2010-10-19,0.18
2010-10-20,0.17
2010-10-21,0.18
2010-10-22,0.18
2010-10-25,0.18
2010-10-26,0.18
2010-10-27,0.18
2010-10-28,0.18
2010-10-29,0.17
2010-11-01,0.16
2010-11-02,0.16
2010-11-03,0.16
2010-11-04,0.17
2010-11-05,0.16
2010-11-08,0.16
2010-11-09,0.16
2010-11-10,0.16
2010-11-11,.
2010-11-12,0.17
2010-11-15,0.19
2010-11-16,0.19
2010-11-17,0.19
2010-11-18,0.19
2010-11-19,0.19
2010-11-22,0.20
2010-11-23,0.20
2010-11-24,0.20
2010-11-25,.
2010-11-26,0.21
2010-11-29,0.21
2010-11-30,0.21
2010-12-01,0.20
2010-12-02,0.19
2010-12-03,0.19
2010-12-06,0.19
2010-12-07,0.19
2010-12-08,0.18
2010-12-09,0.18
2010-12-10,0.18
2010-12-13,0.19
2010-12-14,0.20
2010-12-15,0.20
2010-12-16,0.19
2010-12-17,0.18
2010-12-20,0.19
2010-12-21,0.19
2010-12-22,0.20
2010-12-23,0.19
2010-12-24,.
2010-12-27,0.22
2010-12-28,0.21
2010-12-29,0.20
2010-12-30,0.20
2010-12-31,0.19
2011-01-03,0.19
2011-01-04,0.19
2011-01-05,0.19
2011-01-06,0.18
2011-01-07,0.18
2011-01-10,0.18
2011-01-11,0.19
2011-01-12,0.18
2011-01-13,0.18
2011-01-14,0.18
2011-01-17,.
2011-01-18,0.19
2011-01-19,0.19
2011-01-20,0.19
2011-01-21,0.19
2011-01-24,0.18
2011-01-25,0.18
2011-01-26,0.18
2011-01-27,0.17
2011-01-28,0.15
2011-01-31,0.17
2011-02-01,0.18
2011-02-02,0.18
2011-02-03,0.18
2011-02-04,0.18
2011-02-07,0.18
2011-02-08,0.18
2011-02-09,0.18
2011-02-10,0.16
2011-02-11,0.16
2011-02-14,0.17
2011-02-15,0.17
2011-02-16,0.16
2011-02-17,0.15
2011-02-18,0.15
2011-02-21,.
2011-02-22,0.16
2011-02-23,0.16
2011-02-24,0.16
2011-02-25,0.16
2011-02-28,0.18
2011-03-01,0.16
2011-03-02,0.17
2011-03-03,0.16
2011-03-04,0.16
2011-03-07,0.16
2011-03-08,0.16
2011-03-09,0.15
2011-03-10,0.14
2011-03-11,0.13
2011-03-14,0.14
2011-03-15,0.14
2011-03-16,0.14
2011-03-17,0.14
2011-03-18,0.14
2011-03-21,0.16
2011-03-22,0.16
2011-03-23,0.15
2011-03-24,0.17
2011-03-25,0.17
2011-03-28,0.18
2011-03-29,0.17
2011-03-30,0.17
2011-03-31,0.17
2011-04-01,0.15
2011-04-04,0.13
2011-04-05,0.15
2011-04-06,0.14
2011-04-07,0.12
2011-04-08,0.12
2011-04-11,0.12
2011-04-12,0.11
2011-04-13,0.11
2011-04-14,0.13
2011-04-15,0.12
2011-04-18,0.11
2011-04-19,0.11
2011-04-20,0.11
2011-04-21,0.11
2011-04-22,.
2011-04-25,0.12
2011-04-26,0.11
2011-04-27,0.11
2011-04-28,0.10
2011-04-29,0.11
2011-05-02,0.10
2011-05-03,0.09
2011-05-04,0.07
2011-05-05,0.07
2011-05-06,0.07
2011-05-09,0.07
2011-05-10,0.07
2011-05-11,0.07
2011-05-12,0.07
2011-05-13,0.08
2011-05-16,0.07
2011-05-17,0.07
2011-05-18,0.08
2011-05-19,0.10
2011-05-20,0.10
2011-05-23,0.10
2011-05-24,0.11
2011-05-25,0.10
2011-05-26,0.10
2011-05-27,0.11
2011-05-30,.
2011-05-31,0.12
2011-06-01,0.11
2011-06-02,0.11
2011-06-03,0.10
2011-06-06,0.10
2011-06-07,0.11
2011-06-08,0.11
2011-06-09,0.10
2011-06-10,0.10
2011-06-13,0.11
2011-06-14,0.11
2011-06-15,0.11
2011-06-16,0.11
2011-06-17,0.10
2011-06-20,0.10
2011-06-21,0.10
2011-06-22,0.09
2011-06-23,0.07
2011-06-24,0.07
2011-06-27,0.10
2011-06-28,0.11
2011-06-29,0.11
2011-06-30,0.10
2011-07-01,0.10
2011-07-04,.
2011-07-05,0.08
2011-07-06,0.06
2011-07-07,0.07
2011-07-08,0.07
2011-07-11,0.07
2011-07-12,0.07
2011-07-13,0.05
2011-07-14,0.05
2011-07-15,0.05
2011-07-18,0.06
2011-07-19,0.07
2011-07-20,0.08
2011-07-21,0.09
2011-07-22,0.09
2011-07-25,0.10
2011-07-26,0.11
2011-07-27,0.12
2011-07-28,0.13
2011-07-29,0.16
2011-08-01,0.16
2011-08-02,0.13
2011-08-03,0.08
2011-08-04,0.05
2011-08-05,0.05
2011-08-08,0.07
2011-08-09,0.06
2011-08-10,0.06
2011-08-11,0.08
2011-08-12,0.07
2011-08-15,0.08
2011-08-16,0.07
2011-08-17,0.06
2011-08-18,0.05
2011-08-19,0.04
2011-08-22,0.04
2011-08-23,0.04
2011-08-24,0.04
2011-08-25,0.03
2011-08-26,0.02
2011-08-29,0.05
2011-08-30,0.05
2011-08-31,0.05
2011-09-01,0.05
2011-09-02,0.05
2011-09-05,.
2011-09-06,0.07
2011-09-07,0.06
2011-09-08,0.07
2011-09-09,0.05
2011-09-12,0.05
2011-09-13,0.05
2011-09-14,0.03
2011-09-15,0.03
2011-09-16,0.02
2011-09-19,0.04
2011-09-20,0.03
2011-09-21,0.04
2011-09-22,0.03
2011-09-23,0.02
2011-09-26,0.03
2011-09-27,0.04
2011-09-28,0.04
2011-09-29,0.05
2011-09-30,0.06
2011-10-03,0.06
2011-10-04,0.04
2011-10-05,0.03
2011-10-06,0.03
2011-10-07,0.04
2011-10-10,.
2011-10-11,0.05
2011-10-12,0.06
2011-10-13,0.05
2011-10-14,0.06
2011-10-17,0.06
2011-10-18,0.07
2011-10-19,0.06
2011-10-20,0.06
2011-10-21,0.05
2011-10-24,0.06
2011-10-25,0.06
2011-10-26,0.06
2011-10-27,0.07
2011-10-28,0.06
2011-10-31,0.06
2011-11-01,0.05
2011-11-02,0.04
2011-11-03,0.04
2011-11-04,0.03
2011-11-07,0.04
2011-11-08,0.03
2011-11-09,0.04
2011-11-10,0.03
2011-11-11,.
2011-11-14,0.04
2011-11-15,0.05
2011-11-16,0.04
2011-11-17,0.04
2011-11-18,0.04
2011-11-21,0.05
2011-11-22,0.06
2011-11-23,0.06
2011-11-24,.
2011-11-25,0.07
2011-11-28,0.07
2011-11-29,0.05
2011-11-30,0.06
2011-12-01,0.05
2011-12-02,0.06
2011-12-05,0.05
2011-12-06,0.04
2011-12-07,0.05
2011-12-08,0.04
2011-12-09,0.05
2011-12-12,0.05
2011-12-13,0.06
2011-12-14,0.05
2011-12-15,0.05
2011-12-16,0.04
2011-12-19,0.04
2011-12-20,0.04
2011-12-21,0.04
2011-12-22,0.03
2011-12-23,0.04
2011-12-26,.
2011-12-27,0.06
2011-12-28,0.05
2011-12-29,0.07
2011-12-30,0.06
2012-01-02,.
2012-01-03,0.06
2012-01-04,0.06
2012-01-05,0.07
2012-01-06,0.05
2012-01-09,0.05
2012-01-10,0.05
2012-01-11,0.05
2012-01-12,0.06
2012-01-13,0.06
2012-01-16,.
2012-01-17,0.06
2012-01-18,0.07
2012-01-19,0.07
2012-01-20,0.07
2012-01-23,0.07
2012-01-24,0.07
2012-01-25,0.07
2012-01-26,0.08
2012-01-27,0.08
2012-01-30,0.08
2012-01-31,0.08
2012-02-01,0.09
2012-02-02,0.10
2012-02-03,0.10
2012-02-06,0.10
2012-02-07,0.11
2012-02-08,0.11
2012-02-09,0.12
2012-02-10,0.12
2012-02-13,0.14
2012-02-14,0.15
2012-02-15,0.13
2012-02-16,0.13
2012-02-17,0.13
2012-02-20,.
2012-02-21,0.13
2012-02-22,0.13
2012-02-23,0.14
2012-02-24,0.14
2012-02-27,0.14
2012-02-28,0.14
2012-02-29,0.13
2012-03-01,0.13
2012-03-02,0.12
2012-03-05,0.14
2012-03-06,0.13
2012-03-07,0.14
2012-03-08,0.14
2012-03-09,0.13
2012-03-12,0.15
2012-03-13,0.15
2012-03-14,0.15
2012-03-15,0.15
2012-03-16,0.15
2012-03-19,0.15
2012-03-20,0.15
2012-03-21,0.15
2012-03-22,0.14
2012-03-23,0.14
2012-03-26,0.15
2012-03-27,0.14
2012-03-28,0.14
2012-03-29,0.14
2012-03-30,0.15
2012-04-02,0.14
2012-04-03,0.15
2012-04-04,0.14
2012-04-05,0.14
2012-04-06,0.14
2012-04-09,0.15
2012-04-10,0.15
2012-04-11,0.14
2012-04-12,0.14
2012-04-13,0.13
2012-04-16,0.14
2012-04-17,0.13
2012-04-18,0.13
2012-04-19,0.12
2012-04-20,0.13
2012-04-23,0.13
2012-04-24,0.14
2012-04-25,0.14
2012-04-26,0.15
2012-04-27,0.14
2012-04-30,0.15
2012-05-01,0.15
2012-05-02,0.15
2012-05-03,0.15
2012-05-04,0.14
2012-05-07,0.15
2012-05-08,0.15
2012-05-09,0.15
2012-05-10,0.15
2012-05-11,0.15
2012-05-14,0.15
2012-05-15,0.15
2012-05-16,0.15
2012-05-17,0.16
2012-05-18,0.15
2012-05-21,0.14
2012-05-22,0.14
2012-05-23,0.13
2012-05-24,0.14
2012-05-25,0.14
2012-05-28,.
2012-05-29,0.14
2012-05-30,0.13
2012-05-31,0.14
2012-06-01,0.12
2012-06-04,0.13
2012-06-05,0.14
2012-06-06,0.13
2012-06-07,0.14
2012-06-08,0.14
2012-06-11,0.15
2012-06-12,0.15
2012-06-13,0.15
2012-06-14,0.15
2012-06-15,0.15
2012-06-18,0.15
2012-06-19,0.14
2012-06-20,0.16
2012-06-21,0.15
2012-06-22,0.15
2012-06-25,0.16
2012-06-26,0.15
2012-06-27,0.17
2012-06-28,0.17
2012-06-29,0.16
2012-07-02,0.15
2012-07-03,0.15
2012-07-04,.
2012-07-05,0.15
2012-07-06,0.15
2012-07-09,0.14
2012-07-10,0.15
2012-07-11,0.15
2012-07-12,0.15
2012-07-13,0.15
2012-07-16,0.14
2012-07-17,0.14
2012-07-18,0.14
2012-07-19,0.14
2012-07-20,0.14
2012-07-23,0.14
2012-07-24,0.15
2012-07-25,0.14
2012-07-26,0.15
2012-07-27,0.15
2012-07-30,0.15
2012-07-31,0.14
2012-08-01,0.14
2012-08-02,0.14
2012-08-03,0.14
2012-08-06,0.14
2012-08-07,0.14
2012-08-08,0.14
2012-08-09,0.15
2012-08-10,0.14
2012-08-13,0.15
2012-08-14,0.15
2012-08-15,0.14
2012-08-16,0.14
2012-08-17,0.14
2012-08-20,0.14
2012-08-21,0.14
2012-08-22,0.13
2012-08-23,0.13
2012-08-24,0.13
2012-08-27,0.14
2012-08-28,0.15
2012-08-29,0.14
2012-08-30,0.14
2012-08-31,0.14
2012-09-03,.
2012-09-04,0.14
2012-09-05,0.14
2012-09-06,0.14
2012-09-07,0.14
2012-09-10,0.14
2012-09-11,0.14
2012-09-12,0.13
2012-09-13,0.13
2012-09-14,0.13
2012-09-17,0.13
2012-09-18,0.13
2012-09-19,0.14
2012-09-20,0.14
2012-09-21,0.14
2012-09-24,0.14
2012-09-25,0.15
2012-09-26,0.13
2012-09-27,0.14
2012-09-28,0.14
2012-10-01,0.14
2012-10-02,0.14
2012-10-03,0.14
2012-10-04,0.14
2012-10-05,0.15
2012-10-08,.
2012-10-09,0.15
2012-10-10,0.15
2012-10-11,0.14
2012-10-12,0.15
2012-10-15,0.15
2012-10-16,0.15
2012-10-17,0.15
2012-10-18,0.15
2012-10-19,0.14
2012-10-22,0.15
2012-10-23,0.15
2012-10-24,0.16
2012-10-25,0.16
2012-10-26,0.15
2012-10-29,0.16
2012-10-30,.
2012-10-31,0.16
2012-11-01,0.15
2012-11-02,0.15
2012-11-05,0.15
2012-11-06,0.15
2012-11-07,0.14
2012-11-08,0.15
2012-11-09,0.15
2012-11-12,.
2012-11-13,0.15
2012-11-14,0.15
2012-11-15,0.14
2012-11-16,0.13
2012-11-19,0.14
2012-11-20,0.14
2012-11-21,0.14
2012-11-22,.
2012-11-23,0.14
2012-11-26,0.15
2012-11-27,0.15
2012-11-28,0.14
2012-11-29,0.15
2012-11-30,0.13
2012-12-03,0.14
2012-12-04,0.15
2012-12-05,0.14
2012-12-06,0.14
2012-12-07,0.14
2012-12-10,0.14
2012-12-11,0.13
2012-12-12,0.10
2012-12-13,0.11
2012-12-14,0.09
2012-12-17,0.10
2012-12-18,0.12
2012-12-19,0.10
2012-12-20,0.10
2012-12-21,0.12
2012-12-24,0.11
2012-12-25,.
2012-12-26,0.13
2012-12-27,0.12
2012-12-28,0.10
2012-12-31,0.11
2013-01-01,.
2013-01-02,0.12
2013-01-03,0.12
2013-01-04,0.11
2013-01-07,0.11
2013-01-08,0.11
2013-01-09,0.09
2013-01-10,0.10
2013-01-11,0.10
2013-01-14,0.11
2013-01-15,0.11
2013-01-16,0.11
2013-01-17,0.11
2013-01-18,0.10
2013-01-21,.
2013-01-22,0.10
2013-01-23,0.10
2013-01-24,0.10
2013-01-25,0.11
2013-01-28,0.11
2013-01-29,0.11
2013-01-30,0.11
2013-01-31,0.12
2013-02-01,0.11
2013-02-04,0.11
2013-02-05,0.11
2013-02-06,0.12
2013-02-07,0.11
2013-02-08,0.11
2013-02-11,0.12
2013-02-12,0.12
2013-02-13,0.12
2013-02-14,0.13
2013-02-15,0.13
2013-02-18,.
2013-02-19,0.13
2013-02-20,0.13
2013-02-21,0.13
2013-02-22,0.14
2013-02-25,0.14
2013-02-26,0.14
2013-02-27,0.13
2013-02-28,0.13
2013-03-01,0.12
2013-03-04,0.12
2013-03-05,0.12
2013-03-06,0.12
2013-03-07,0.11
2013-03-08,0.11
2013-03-11,0.12
2013-03-12,0.12
2013-03-13,0.12
2013-03-14,0.12
2013-03-15,0.11
2013-03-18,0.11
2013-03-19,0.11
2013-03-20,0.11
2013-03-21,0.11
2013-03-22,0.11
2013-03-25,0.11
2013-03-26,0.11
2013-03-27,0.12
2013-03-28,0.11
2013-03-29,.
2013-04-01,0.11
2013-04-02,0.11
2013-04-03,0.10
2013-04-04,0.10
2013-04-05,0.10
2013-04-08,0.10
2013-04-09,0.10
2013-04-10,0.10
2013-04-11,0.10
2013-04-12,0.09
2013-04-15,0.09
2013-04-16,0.09
2013-04-17,0.09
2013-04-18,0.09
2013-04-19,0.09
2013-04-22,0.09
2013-04-23,0.09
2013-04-24,0.09
2013-04-25,0.08
2013-04-26,0.09
2013-04-29,0.08
2013-04-30,0.09
2013-05-01,0.08
2013-05-02,0.08
2013-05-03,0.08
2013-05-06,0.08
2013-05-07,0.08
2013-05-08,0.08
2013-05-09,0.08
2013-05-10,0.08
2013-05-13,0.08
2013-05-14,0.09
2013-05-15,0.09
2013-05-16,0.08
2013-05-17,0.08
2013-05-20,0.09
2013-05-21,0.09
2013-05-22,0.08
2013-05-23,0.08
2013-05-24,0.07
2013-05-27,.
2013-05-28,0.09
2013-05-29,0.08
2013-05-30,0.07
2013-05-31,0.07
2013-06-03,0.08
2013-06-04,0.08
2013-06-05,0.08
2013-06-06,0.08
2013-06-07,0.07
2013-06-10,0.08
2013-06-11,0.08
2013-06-12,0.08
2013-06-13,0.08
2013-06-14,0.08
2013-06-17,0.08
2013-06-18,0.08
2013-06-19,0.08
2013-06-20,0.09
2013-06-21,0.09
2013-06-24,0.11
2013-06-25,0.11
2013-06-26,0.11
2013-06-27,0.11
2013-06-28,0.10
2013-07-01,0.09
2013-07-02,0.08
2013-07-03,0.08
2013-07-04,.
2013-07-05,0.08
2013-07-08,0.07
2013-07-09,0.08
2013-07-10,0.08
2013-07-11,0.07
2013-07-12,0.07
2013-07-15,0.07
2013-07-16,0.07
2013-07-17,0.08
2013-07-18,0.07
2013-07-19,0.07
2013-07-22,0.07
2013-07-23,0.07
2013-07-24,0.07
2013-07-25,0.06
2013-07-26,0.07
2013-07-29,0.07
2013-07-30,0.07
2013-07-31,0.08
2013-08-01,0.08
2013-08-02,0.07
2013-08-05,0.08
2013-08-06,0.08
2013-08-07,0.08
2013-08-08,0.07
2013-08-09,0.07
2013-08-12,0.08
2013-08-13,0.08
2013-08-14,0.07
2013-08-15,0.08
2013-08-16,0.08
2013-08-19,0.08
2013-08-20,0.07
2013-08-21,0.07
2013-08-22,0.06
2013-08-23,0.06
2013-08-26,0.07
2013-08-27,0.07
2013-08-28,0.07
2013-08-29,0.06
2013-08-30,0.05
2013-09-02,.
2013-09-03,0.05
2013-09-04,0.05
2013-09-05,0.06
2013-09-06,0.05
2013-09-09,0.04
2013-09-10,0.04
2013-09-11,0.05
2013-09-12,0.02
2013-09-13,0.02
2013-09-16,0.04
2013-09-17,0.04
2013-09-18,0.04
2013-09-19,0.03
2013-09-20,0.05
2013-09-23,0.05
2013-09-24,0.05
2013-09-25,0.05
2013-09-26,0.03
2013-09-27,0.03
2013-09-30,0.04
2013-10-01,0.04
2013-10-02,0.05
2013-10-03,0.05
2013-10-04,0.04
2013-10-07,0.06
2013-10-08,0.09
2013-10-09,0.08
2013-10-10,0.07
2013-10-11,0.07
2013-10-14,.
2013-10-15,0.16
2013-10-16,0.11
2013-10-17,0.08
2013-10-18,0.08
2013-10-21,0.07
2013-10-22,0.07
2013-10-23,0.07
2013-10-24,0.07
2013-10-25,0.08
2013-10-28,0.08
2013-10-29,0.08
2013-10-30,0.09
2013-10-31,0.08
2013-11-01,0.08
2013-11-04,0.09
2013-11-05,0.08
2013-11-06,0.09
2013-11-07,0.09
2013-11-08,0.09
2013-11-11,.
2013-11-12,0.10
2013-11-13,0.10
2013-11-14,0.10
2013-11-15,0.10
2013-11-18,0.10
2013-11-19,0.10
2013-11-20,0.11
2013-11-21,0.10
2013-11-22,0.10
2013-11-25,0.11
2013-11-26,0.11
2013-11-27,0.11
2013-11-28,.
2013-11-29,0.11
2013-12-02,0.10
2013-12-03,0.10
2013-12-04,0.10
2013-12-05,0.10
2013-12-06,0.10
2013-12-09,0.10
2013-12-10,0.10
2013-12-11,0.10
2013-12-12,0.09
2013-12-13,0.09
2013-12-16,0.09
2013-12-17,0.09
2013-12-18,0.10
2013-12-19,0.09
2013-12-20,0.09
2013-12-23,0.09
2013-12-24,0.09
2013-12-25,.
2013-12-26,0.09
2013-12-27,0.09
2013-12-30,0.10
2013-12-31,0.10
2014-01-01,.
2014-01-02,0.09
2014-01-03,0.10
2014-01-06,0.08
2014-01-07,0.08
2014-01-08,0.08
2014-01-09,0.06
2014-01-10,0.06
2014-01-13,0.06
2014-01-14,0.06
2014-01-15,0.06
2014-01-16,0.07
2014-01-17,0.07
2014-01-20,.
2014-01-21,0.07
2014-01-22,0.07
2014-01-23,0.05
2014-01-24,0.06
2014-01-27,0.07
2014-01-28,0.07
2014-01-29,0.07
2014-01-30,0.06
2014-01-31,0.06
2014-02-03,0.07
2014-02-04,0.07
2014-02-05,0.07
2014-02-06,0.08
2014-02-07,0.09
2014-02-10,0.10
2014-02-11,0.10
2014-02-12,0.09
2014-02-13,0.08
2014-02-14,0.07
2014-02-17,.
2014-02-18,0.08
2014-02-19,0.09
2014-02-20,0.08
2014-02-21,0.08
2014-02-24,0.08
2014-02-25,0.08
2014-02-26,0.08
2014-02-27,0.07
2014-02-28,0.08
2014-03-03,0.08
2014-03-04,0.08
2014-03-05,0.09
2014-03-06,0.08
2014-03-07,0.09
2014-03-10,0.08
2014-03-11,0.08
2014-03-12,0.08
2014-03-13,0.08
2014-03-14,0.08
2014-03-17,0.08
2014-03-18,0.07
2014-03-19,0.09
2014-03-20,0.09
2014-03-21,0.08
2014-03-24,0.08
2014-03-25,0.08
2014-03-26,0.07
2014-03-27,0.06
2014-03-28,0.06
2014-03-31,0.07
2014-04-01,0.06
2014-04-02,0.06
2014-04-03,0.05
2014-04-04,0.05
2014-04-07,0.06
2014-04-08,0.06
2014-04-09,0.05
2014-04-10,0.06
2014-04-11,0.06
2014-04-14,0.06
2014-04-15,0.05
2014-04-16,0.05
2014-04-17,0.05
2014-04-18,.
2014-04-21,0.06
2014-04-22,0.06
2014-04-23,0.05
2014-04-24,0.04
2014-04-25,0.04
2014-04-28,0.05
2014-04-29,0.05
2014-04-30,0.05
2014-05-01,0.05
2014-05-02,0.05
2014-05-05,0.05
2014-05-06,0.05
2014-05-07,0.05
2014-05-08,0.05
2014-05-09,0.05
2014-05-12,0.05
2014-05-13,0.05
2014-05-14,0.05
2014-05-15,0.05
2014-05-16,0.05
2014-05-19,0.05
2014-05-20,0.06
2014-05-21,0.06
2014-05-22,0.05
2014-05-23,0.05
2014-05-26,.
2014-05-27,0.06
2014-05-28,0.05
2014-05-29,0.05
2014-05-30,0.06
2014-06-02,0.06
2014-06-03,0.06
2014-06-04,0.06
2014-06-05,0.06
2014-06-06,0.06
2014-06-09,0.06
2014-06-10,0.06
2014-06-11,0.06
2014-06-12,0.07
2014-06-13,0.07
2014-06-16,0.07
2014-06-17,0.07
2014-06-18,0.06
2014-06-19,0.05
2014-06-20,0.04
2014-06-23,0.06
2014-06-24,0.06
2014-06-25,0.05
2014-06-26,0.06
2014-06-27,0.06
2014-06-30,0.07
2014-07-01,0.06
2014-07-02,0.06
2014-07-03,0.06
2014-07-04,.
2014-07-07,0.06
2014-07-08,0.06
2014-07-09,0.06
2014-07-10,0.06
2014-07-11,0.07
2014-07-14,0.06
2014-07-15,0.06
2014-07-16,0.06
2014-07-17,0.06
2014-07-18,0.05
2014-07-21,0.06
2014-07-22,0.07
2014-07-23,0.05
2014-07-24,0.06
2014-07-25,0.06
2014-07-28,0.06
2014-07-29,0.06
2014-07-30,0.06
2014-07-31,0.05
2014-08-01,0.05
2014-08-04,0.06
2014-08-05,0.05
2014-08-06,0.05
2014-08-07,0.04
2014-08-08,0.05
2014-08-11,0.05
2014-08-12,0.05
2014-08-13,0.06
2014-08-14,0.06
2014-08-15,0.05
2014-08-18,0.05
2014-08-19,0.05
2014-08-20,0.06
2014-08-21,0.06
2014-08-22,0.06
2014-08-25,0.05
2014-08-26,0.05
2014-08-27,0.05
2014-08-28,0.05
2014-08-29,0.05
2014-09-01,.
2014-09-02,0.05
2014-09-03,0.05
2014-09-04,0.05
2014-09-05,0.05
2014-09-08,0.05
2014-09-09,0.05
2014-09-10,0.05
2014-09-11,0.05
2014-09-12,0.05
2014-09-15,0.05
2014-09-16,0.04
2014-09-17,0.05
2014-09-18,0.04
2014-09-19,0.04
2014-09-22,0.04
2014-09-23,0.04
2014-09-24,0.03
2014-09-25,0.03
2014-09-26,0.03
2014-09-29,0.05
2014-09-30,0.03
2014-10-01,0.04
2014-10-02,0.03
2014-10-03,0.03
2014-10-06,0.05
2014-10-07,0.04
2014-10-08,0.05
2014-10-09,0.05
2014-10-10,0.04
2014-10-13,.
2014-10-14,0.04
2014-10-15,0.05
2014-10-16,0.05
2014-10-17,0.05
2014-10-20,0.06
2014-10-21,0.06
2014-10-22,0.06
2014-10-23,0.06
2014-10-24,0.06
2014-10-27,0.06
2014-10-28,0.05
2014-10-29,0.07
2014-10-30,0.06
2014-10-31,0.05
2014-11-03,0.07
2014-11-04,0.06
2014-11-05,0.07
2014-11-06,0.06
2014-11-07,0.06
2014-11-10,0.07
2014-11-11,.
2014-11-12,0.07
2014-11-13,0.08
2014-11-14,0.07
2014-11-17,0.07
2014-11-18,0.07
2014-11-19,0.07
2014-11-20,0.07
2014-11-21,0.07
2014-11-24,0.08
2014-11-25,0.07
2014-11-26,0.07
2014-11-27,.
2014-11-28,0.07
2014-12-01,0.08
2014-12-02,0.08
2014-12-03,0.07
2014-12-04,0.08
2014-12-05,0.08
2014-12-08,0.10
2014-12-09,0.11
2014-12-10,0.10
2014-12-11,0.09
2014-12-12,0.09
2014-12-15,0.11
2014-12-16,0.11
2014-12-17,0.11
2014-12-18,0.12
2014-12-19,0.11
2014-12-22,0.16
2014-12-23,0.14
2014-12-24,0.14
2014-12-25,.
2014-12-26,0.10
2014-12-29,0.12
2014-12-30,0.12
2014-12-31,0.12
2015-01-01,.
2015-01-02,0.11
2015-01-05,0.10
2015-01-06,0.10
2015-01-07,0.09
2015-01-08,0.08
2015-01-09,0.08
2015-01-12,0.09
2015-01-13,0.08
2015-01-14,0.09
2015-01-15,0.08
2015-01-16,0.07
2015-01-19,.
2015-01-20,0.08
2015-01-21,0.08
2015-01-22,0.08
2015-01-23,0.07
2015-01-26,0.08
2015-01-27,0.08
2015-01-28,0.08
2015-01-29,0.07
2015-01-30,0.07
2015-02-02,0.07
2015-02-03,0.07
2015-02-04,0.06
2015-02-05,0.06
2015-02-06,0.07
2015-02-09,0.08
2015-02-10,0.08
2015-02-11,0.07
2015-02-12,0.07
2015-02-13,0.07
2015-02-16,.
2015-02-17,0.07
2015-02-18,0.07
2015-02-19,0.07
2015-02-20,0.07
2015-02-23,0.08
2015-02-24,0.08
2015-02-25,0.07
2015-02-26,0.07
2015-02-27,0.07
2015-03-02,0.08
2015-03-03,0.08
2015-03-04,0.08
2015-03-05,0.08
2015-03-06,0.08
2015-03-09,0.10
2015-03-10,0.10
2015-03-11,0.10
2015-03-12,0.10
2015-03-13,0.11
2015-03-16,0.15
2015-03-17,0.15
2015-03-18,0.12
2015-03-19,0.12
2015-03-20,0.11
2015-03-23,0.11
2015-03-24,0.11
2015-03-25,0.11
2015-03-26,0.13
2015-03-27,0.12
2015-03-30,0.14
2015-03-31,0.14
2015-04-01,0.12
2015-04-02,0.10
2015-04-03,0.10
2015-04-06,0.10
2015-04-07,0.10
2015-04-08,0.10
2015-04-09,0.10
2015-04-10,0.09
2015-04-13,0.11
2015-04-14,0.10
2015-04-15,0.08
2015-04-16,0.08
2015-04-17,0.08
2015-04-20,0.10
2015-04-21,0.09
2015-04-22,0.10
2015-04-23,0.09
2015-04-24,0.10
2015-04-27,0.10
2015-04-28,0.09
2015-04-29,0.07
2015-04-30,0.06
2015-05-01,0.05
2015-05-04,0.08
2015-05-05,0.08
2015-05-06,0.08
2015-05-07,0.08
2015-05-08,0.08
2015-05-11,0.09
2015-05-12,0.09
2015-05-13,0.09
2015-05-14,0.08
2015-05-15,0.09
2015-05-18,0.08
2015-05-19,0.07
2015-05-20,0.08
2015-05-21,0.07
2015-05-22,0.08
2015-05-25,.
2015-05-26,0.09
2015-05-27,0.09
2015-05-28,0.08
2015-05-29,0.06
2015-06-01,0.07
2015-06-02,0.07
2015-06-03,0.07
2015-06-04,0.08
2015-06-05,0.08
2015-06-08,0.09
2015-06-09,0.08
2015-06-10,0.10
2015-06-11,0.10
2015-06-12,0.10
2015-06-15,0.11
2015-06-16,0.11
2015-06-17,0.10
2015-06-18,0.08
2015-06-19,0.05
2015-06-22,0.08
2015-06-23,0.09
2015-06-24,0.08
2015-06-25,0.07
2015-06-26,0.08
2015-06-29,0.11
2015-06-30,0.11
2015-07-01,0.13
2015-07-02,0.10
2015-07-03,.
2015-07-06,0.09
2015-07-07,0.08
2015-07-08,0.08
2015-07-09,0.08
2015-07-10,0.09
2015-07-13,0.10
2015-07-14,0.10
2015-07-15,0.11
2015-07-16,0.10
2015-07-17,0.11
2015-07-20,0.14
2015-07-21,0.13
2015-07-22,0.13
2015-07-23,0.13
2015-07-24,0.13
2015-07-27,0.15
2015-07-28,0.14
2015-07-29,0.14
2015-07-30,0.15
2015-07-31,0.14
2015-08-03,0.17
2015-08-04,0.18
2015-08-05,0.19
2015-08-06,0.19
2015-08-07,0.22
2015-08-10,0.24
2015-08-11,0.23
2015-08-12,0.22
2015-08-13,0.23
2015-08-14,0.24
2015-08-17,0.24
2015-08-18,0.25
2015-08-19,0.22
2015-08-20,0.21
2015-08-21,0.20
2015-08-24,0.20
2015-08-25,0.19
2015-08-26,0.20
2015-08-27,0.21
2015-08-28,0.24
2015-08-31,0.27
2015-09-01,0.26
2015-09-02,0.25
2015-09-03,0.24
2015-09-04,0.23
2015-09-07,.
2015-09-08,0.27
2015-09-09,0.26
2015-09-10,0.25
2015-09-11,0.24
2015-09-14,0.26
2015-09-15,0.27
2015-09-16,0.24
2015-09-17,0.16
2015-09-18,0.10
2015-09-21,0.11
2015-09-22,0.10
2015-09-23,0.09
2015-09-24,0.09
2015-09-25,0.07
2015-09-28,0.10
2015-09-29,0.09
2015-09-30,0.08
2015-10-01,0.08
2015-10-02,0.06
2015-10-05,0.06
2015-10-06,0.07
2015-10-07,0.08
2015-10-08,0.07
2015-10-09,0.07
2015-10-12,.
2015-10-13,0.08
2015-10-14,0.08
2015-10-15,0.08
2015-10-16,0.07
2015-10-19,0.12
2015-10-20,0.12
2015-10-21,0.12
2015-10-22,0.11
2015-10-23,0.13
2015-10-26,0.16
2015-10-27,0.18
2015-10-28,0.21
2015-10-29,0.21
2015-10-30,0.22
2015-11-02,0.27
2015-11-03,0.26
2015-11-04,0.27
2015-11-05,0.27
2015-11-06,0.31
2015-11-09,0.34
2015-11-10,0.34
2015-11-11,.
2015-11-12,0.34
2015-11-13,0.30
2015-11-16,0.33
2015-11-17,0.34
2015-11-18,0.31
2015-11-19,0.30
2015-11-20,0.30
2015-11-23,0.35
2015-11-24,0.36
2015-11-25,0.38
2015-11-26,.
2015-11-27,0.37
2015-11-30,0.42
2015-12-01,0.41
2015-12-02,0.41
2015-12-03,0.44
2015-12-04,0.48
2015-12-07,0.56
2015-12-08,0.57
2015-12-09,0.52
2015-12-10,0.54
2015-12-11,0.51
2015-12-14,0.53
2015-12-15,0.53
2015-12-16,0.50
2015-12-17,0.47
2015-12-18,0.46
2015-12-21,0.50
2015-12-22,0.46
2015-12-23,0.46
2015-12-24,0.48
2015-12-25,.
2015-12-28,0.50
2015-12-29,0.49
2015-12-30,0.46
2015-12-31,0.48
2016-01-01,.
2016-01-04,0.48
2016-01-05,0.48
2016-01-06,0.46
2016-01-07,0.45
2016-01-08,0.44
2016-01-11,0.47
2016-01-12,0.46
2016-01-13,0.45
2016-01-14,0.42
2016-01-15,0.36
2016-01-18,.
2016-01-19,0.37
2016-01-20,0.34
2016-01-21,0.37
2016-01-22,0.40
2016-01-25,0.42
2016-01-26,0.44
2016-01-27,0.42
2016-01-28,0.44
2016-01-29,0.42
2016-02-01,0.46
2016-02-02,0.46
2016-02-03,0.45
2016-02-04,0.42
2016-02-05,0.44
2016-02-08,0.41
2016-02-09,0.42
2016-02-10,0.41
2016-02-11,0.38
2016-02-12,0.38
2016-02-15,.
2016-02-16,0.41
2016-02-17,0.42
2016-02-18,0.44
2016-02-19,0.45
2016-02-22,0.45
2016-02-23,0.46
2016-02-24,0.45
2016-02-25,0.45
2016-02-26,0.46
2016-02-29,0.49
2016-03-01,0.49
2016-03-02,0.47
2016-03-03,0.45
2016-03-04,0.46
2016-03-07,0.48
2016-03-08,0.47
2016-03-09,0.46
2016-03-10,0.49
2016-03-11,0.50
2016-03-14,0.51
2016-03-15,0.51
2016-03-16,0.46
2016-03-17,0.46
2016-03-18,0.43
2016-03-21,0.45
2016-03-22,0.45
2016-03-23,0.45
2016-03-24,0.45
2016-03-25,.
2016-03-28,0.48
2016-03-29,0.44
2016-03-30,0.38
2016-03-31,0.38
2016-04-01,0.39
2016-04-04,0.38
2016-04-05,0.36
2016-04-06,0.35
2016-04-07,0.35
2016-04-08,0.33
2016-04-11,0.34
2016-04-12,0.34
2016-04-13,0.35
2016-04-14,0.36
2016-04-15,0.36
2016-04-18,0.35
2016-04-19,0.36
2016-04-20,0.35
2016-04-21,0.36
2016-04-22,0.37
2016-04-25,0.40
2016-04-26,0.42
2016-04-27,0.39
2016-04-28,0.38
2016-04-29,0.39
2016-05-02,0.40
2016-05-03,0.39
2016-05-04,0.38
2016-05-05,0.38
2016-05-06,0.38
2016-05-09,0.37
2016-05-10,0.35
2016-05-11,0.36
2016-05-12,0.36
2016-05-13,0.37
2016-05-16,0.38
2016-05-17,0.39
2016-05-18,0.42
2016-05-19,0.42
2016-05-20,0.45
2016-05-23,0.47
2016-05-24,0.47
2016-05-25,0.46
2016-05-26,0.45
2016-05-27,0.46
2016-05-30,.
2016-05-31,0.48
2016-06-01,0.48
2016-06-02,0.47
2016-06-03,0.42
2016-06-06,0.43
2016-06-07,0.42
2016-06-08,0.42
2016-06-09,0.42
2016-06-10,0.41
2016-06-13,0.40
2016-06-14,0.40
2016-06-15,0.36
2016-06-16,0.35
2016-06-17,0.36
2016-06-20,0.41
2016-06-21,0.40
2016-06-22,0.39
2016-06-23,0.42
2016-06-24,0.37
2016-06-27,0.35
2016-06-28,0.35
2016-06-29,0.34
2016-06-30,0.35
2016-07-01,0.36
2016-07-04,.
2016-07-05,0.34
2016-07-06,0.35
2016-07-07,0.36
2016-07-08,0.35
2016-07-11,0.39
2016-07-12,0.39
2016-07-13,0.39
2016-07-14,0.40
2016-07-15,0.41
2016-07-18,0.43
2016-07-19,0.43
2016-07-20,0.43
2016-07-21,0.43
2016-07-22,0.43
2016-07-25,0.43
2016-07-26,0.42
2016-07-27,0.39
2016-07-28,0.38
2016-07-29,0.37
2016-08-01,0.39
2016-08-02,0.40
2016-08-03,0.41
2016-08-04,0.40
2016-08-05,0.44
2016-08-08,0.44
2016-08-09,0.43
2016-08-10,0.42
2016-08-11,0.44
2016-08-12,0.42
2016-08-15,0.45
2016-08-16,0.44
2016-08-17,0.45
2016-08-18,0.43
2016-08-19,0.43
2016-08-22,0.44
2016-08-23,0.44
2016-08-24,0.45
2016-08-25,0.45
2016-08-26,0.46
2016-08-29,0.48
2016-08-30,0.47
2016-08-31,0.46
2016-09-01,0.46
2016-09-02,0.44
2016-09-05,.
2016-09-06,0.45
2016-09-07,0.48
2016-09-08,0.49
2016-09-09,0.50
2016-09-12,0.53
2016-09-13,0.53
2016-09-14,0.51
2016-09-15,0.48
2016-09-16,0.49
2016-09-19,0.48
2016-09-20,0.49
2016-09-21,0.44
2016-09-22,0.39
2016-09-23,0.39
2016-09-26,0.42
2016-09-27,0.42
2016-09-28,0.44
2016-09-29,0.42
2016-09-30,0.44
2016-10-03,0.48
2016-10-04,0.47
2016-10-05,0.47
2016-10-06,0.45
2016-10-07,0.45
2016-10-10,.
2016-10-11,0.47
2016-10-12,0.48
2016-10-13,0.44
2016-10-14,0.45
2016-10-17,0.47
2016-10-18,0.47
2016-10-19,0.47
2016-10-20,0.47
2016-10-21,0.46
2016-10-24,0.46
2016-10-25,0.48
2016-10-26,0.48
2016-10-27,0.48
2016-10-28,0.48
2016-10-31,0.51
2016-11-01,0.50
2016-11-02,0.50
2016-11-03,0.51
2016-11-04,0.51
2016-11-07,0.53
2016-11-08,0.55
2016-11-09,0.55
2016-11-10,0.58
2016-11-11,.
2016-11-14,0.64
2016-11-15,0.60
2016-11-16,0.61
2016-11-17,0.60
2016-11-18,0.59
2016-11-21,0.59
2016-11-22,0.60
2016-11-23,0.62
2016-11-24,.
2016-11-25,0.61
2016-11-28,0.59
2016-11-29,0.59
2016-11-30,0.61
2016-12-01,0.59
2016-12-02,0.60
2016-12-05,0.62
2016-12-06,0.62
2016-12-07,0.62
2016-12-08,0.61
2016-12-09,0.63
2016-12-12,0.63
2016-12-13,0.65
2016-12-14,0.65
2016-12-15,0.64
2016-12-16,0.64
2016-12-19,0.64
2016-12-20,0.65
2016-12-21,0.64
2016-12-22,0.64
2016-12-23,0.64
2016-12-26,.
2016-12-27,0.65
2016-12-28,0.61
2016-12-29,0.61
2016-12-30,0.61
2017-01-02,.
2017-01-03,0.64
2017-01-04,0.62
2017-01-05,0.61
2017-01-06,0.60
2017-01-09,0.59
2017-01-10,0.59
2017-01-11,0.59
2017-01-12,0.58
2017-01-13,0.60
2017-01-16,.
2017-01-17,0.61
2017-01-18,0.62
2017-01-19,0.61
2017-01-20,0.61
2017-01-23,0.58
2017-01-24,0.61
2017-01-25,0.60
2017-01-26,0.61
2017-01-27,0.62
2017-01-30,0.62
2017-01-31,0.63
2017-02-01,0.64
2017-02-02,0.63
2017-02-03,0.62
2017-02-06,0.61
2017-02-07,0.62
2017-02-08,0.62
2017-02-09,0.63
2017-02-10,0.63
2017-02-13,0.62
2017-02-14,0.65
2017-02-15,0.66
2017-02-16,0.65
2017-02-17,0.65
2017-02-20,.
2017-02-21,0.68
2017-02-22,0.67
2017-02-23,0.65
2017-02-24,0.64
2017-02-27,0.67
2017-02-28,0.68
2017-03-01,0.78
2017-03-02,0.82
2017-03-03,0.82
2017-03-06,0.82
2017-03-07,0.85
2017-03-08,0.84
2017-03-09,0.86
2017-03-10,0.87
2017-03-13,0.91
2017-03-14,0.91
2017-03-15,0.87
2017-03-16,0.87
2017-03-17,0.85
2017-03-20,0.87
2017-03-21,0.89
2017-03-22,0.88
2017-03-23,0.88
2017-03-24,0.87
2017-03-27,0.89
2017-03-28,0.90
2017-03-29,0.90
2017-03-30,0.89
2017-03-31,0.89
2017-04-03,0.90
2017-04-04,0.90
2017-04-05,0.91
2017-04-06,0.92
2017-04-07,0.93
2017-04-10,0.95
2017-04-11,0.92
2017-04-12,0.93
2017-04-13,0.92
2017-04-14,.
2017-04-17,0.92
2017-04-18,0.92
2017-04-19,0.92
2017-04-20,0.91
2017-04-21,0.90
2017-04-24,0.94
2017-04-25,0.96
2017-04-26,0.97
2017-04-27,0.96
2017-04-28,0.97
2017-05-01,0.96
2017-05-02,0.97
2017-05-03,0.98
2017-05-04,0.98
2017-05-05,0.99
2017-05-08,1.00
2017-05-09,1.02
2017-05-10,1.02
2017-05-11,1.02
2017-05-12,1.01
2017-05-15,1.00
2017-05-16,1.02
2017-05-17,0.98
2017-05-18,1.00
2017-05-19,1.01
2017-05-22,1.03
2017-05-23,1.06
2017-05-24,1.05
2017-05-25,1.06
2017-05-26,1.06
2017-05-29,.
2017-05-30,1.05
2017-05-31,1.06
2017-06-01,1.05
2017-06-02,1.04
2017-06-05,1.04
2017-06-06,1.06
2017-06-07,1.07
2017-06-08,1.09
2017-06-09,1.11
2017-06-12,1.07
2017-06-13,1.10
2017-06-14,1.10
2017-06-15,1.11
2017-06-16,1.11
2017-06-19,1.11
2017-06-20,1.12
2017-06-21,1.10
2017-06-22,1.08
2017-06-23,1.08
2017-06-26,1.08
2017-06-27,1.11
2017-06-28,1.10
2017-06-29,1.12
2017-06-30,1.12
2017-07-03,1.11
2017-07-04,.
2017-07-05,1.13
2017-07-06,1.12
2017-07-07,1.12
2017-07-10,1.11
2017-07-11,1.12
2017-07-12,1.11
2017-07-13,1.12
2017-07-14,1.10
2017-07-17,1.08
2017-07-18,1.09
2017-07-19,1.10
2017-07-20,1.10
2017-07-21,1.08
2017-07-24,1.10
2017-07-25,1.13
2017-07-26,1.12
2017-07-27,1.11
2017-07-28,1.11
2017-07-31,1.11
2017-08-01,1.13
2017-08-02,1.13
2017-08-03,1.11
2017-08-04,1.12
2017-08-07,1.12
2017-08-08,1.14
2017-08-09,1.13
2017-08-10,1.12
2017-08-11,1.12
2017-08-14,1.11
2017-08-15,1.14
2017-08-16,1.11
2017-08-17,1.09
2017-08-18,1.11
2017-08-21,1.09
2017-08-22,1.11
2017-08-23,1.09
2017-08-24,1.09
2017-08-25,1.09
2017-08-28,1.10
2017-08-29,1.11
2017-08-30,1.09
2017-08-31,1.06
2017-09-01,1.08
2017-09-04,.
2017-09-05,1.11
2017-09-06,1.15
2017-09-07,1.13
2017-09-08,1.12
2017-09-11,1.14
2017-09-12,1.14
2017-09-13,1.14
2017-09-14,1.15
2017-09-15,1.15
2017-09-18,1.16
2017-09-19,1.17
2017-09-20,1.18
2017-09-21,1.17
2017-09-22,1.17
2017-09-25,1.17
2017-09-26,1.17
2017-09-27,1.18
2017-09-28,1.16
2017-09-29,1.18
2017-10-02,1.20
2017-10-03,1.19
2017-10-04,1.19
2017-10-05,1.19
2017-10-06,1.20
2017-10-09,.
2017-10-10,1.24
2017-10-11,1.23
2017-10-12,1.24
2017-10-13,1.23
2017-10-16,1.22
2017-10-17,1.23
2017-10-18,1.22
2017-10-19,1.23
2017-10-20,1.24
2017-10-23,1.23
2017-10-24,1.25
2017-10-25,1.25
2017-10-26,1.26
2017-10-27,1.25
2017-10-30,1.22
2017-10-31,1.26
2017-11-01,1.28
2017-11-02,1.27
2017-11-03,1.28
2017-11-06,1.28
2017-11-07,1.31
2017-11-08,1.32
2017-11-09,1.33
2017-11-10,1.34
2017-11-13,1.35
2017-11-14,1.37
2017-11-15,1.36
2017-11-16,1.39
2017-11-17,1.39
2017-11-20,1.43
2017-11-21,1.42
2017-11-22,1.42
2017-11-23,.
2017-11-24,1.42
2017-11-27,1.39
2017-11-28,1.43
2017-11-29,1.42
2017-11-30,1.41
2017-12-01,1.42
2017-12-04,1.42
2017-12-05,1.45
2017-12-06,1.45
2017-12-07,1.44
2017-12-08,1.42
2017-12-11,1.44
2017-12-12,1.46
2017-12-13,1.44
2017-12-14,1.45
2017-12-15,1.45
2017-12-18,1.48
2017-12-19,1.48
2017-12-20,1.48
2017-12-21,1.51
2017-12-22,1.51
2017-12-25,.
2017-12-26,1.49
2017-12-27,1.50
2017-12-28,1.51
2017-12-29,1.50
2018-01-01,.
2018-01-02,1.58
2018-01-03,1.56
2018-01-04,1.57
2018-01-05,1.55
2018-01-08,1.57
2018-01-09,1.57
2018-01-10,1.56
2018-01-11,1.55
2018-01-12,1.56
2018-01-15,.
2018-01-16,1.60
2018-01-17,1.60
2018-01-18,1.60
2018-01-19,1.59
2018-01-22,1.62
2018-01-23,1.60
2018-01-24,1.60
2018-01-25,1.61
2018-01-26,1.60
2018-01-29,1.63
2018-01-30,1.63
2018-01-31,1.63
2018-02-01,1.61
2018-02-02,1.61
2018-02-05,1.64
2018-02-06,1.66
2018-02-07,1.69
2018-02-08,1.69
2018-02-09,1.69
2018-02-12,1.78
2018-02-13,1.76
2018-02-14,1.77
2018-02-15,1.78
2018-02-16,1.79
2018-02-19,.
2018-02-20,1.83
2018-02-21,1.81
2018-02-22,1.80
2018-02-23,1.81
2018-02-26,1.83
2018-02-27,1.83
2018-02-28,1.82
2018-03-01,1.80
2018-03-02,1.81
2018-03-05,1.82
2018-03-06,1.83
2018-03-07,1.83
2018-03-08,1.84
2018-03-09,1.84
2018-03-12,1.85
2018-03-13,1.86
2018-03-14,1.89
2018-03-15,1.90
2018-03-16,1.91
2018-03-19,1.94
2018-03-20,1.92
2018-03-21,1.90
2018-03-22,1.90
2018-03-23,1.87
2018-03-26,1.90
2018-03-27,1.89
2018-03-28,1.90
2018-03-29,1.88
2018-03-30,.
2018-04-02,1.88
2018-04-03,1.88
2018-04-04,1.86
2018-04-05,1.88
2018-04-06,1.86
2018-04-09,1.89
2018-04-10,1.89
2018-04-11,1.90
2018-04-12,1.90
2018-04-13,1.92
2018-04-16,1.94
2018-04-17,1.97
2018-04-18,1.96
2018-04-19,1.96
2018-04-20,1.96
2018-04-23,1.99
2018-04-24,2.00
2018-04-25,1.98
2018-04-26,1.97
2018-04-27,1.97
2018-04-30,1.99
2018-05-01,2.00
2018-05-02,1.98
2018-05-03,1.97
2018-05-04,1.98
2018-05-07,2.00
2018-05-08,2.00
2018-05-09,2.00
2018-05-10,2.00
2018-05-11,2.01
2018-05-14,2.04
2018-05-15,2.04
2018-05-16,2.04
2018-05-17,2.05
2018-05-18,2.04
2018-05-21,2.09
2018-05-22,2.08
2018-05-23,2.06
2018-05-24,2.04
2018-05-25,2.02
2018-05-28,.
2018-05-29,2.01
2018-05-30,2.03
2018-05-31,2.03
2018-06-01,2.05
2018-06-04,2.08
2018-06-05,2.08
2018-06-06,2.08
2018-06-07,2.07
2018-06-08,2.07
2018-06-11,2.06
2018-06-12,2.05
2018-06-13,2.04
2018-06-14,2.02
2018-06-15,2.02
2018-06-18,2.08
2018-06-19,2.08
2018-06-20,2.09
2018-06-21,2.07
2018-06-22,2.06
2018-06-25,2.08
2018-06-26,2.09
2018-06-27,2.05
2018-06-28,2.06
2018-06-29,2.06
2018-07-02,2.09
2018-07-03,2.07
2018-07-04,.
2018-07-05,2.06
2018-07-06,2.07
2018-07-09,2.10
2018-07-10,2.10
2018-07-11,2.09
2018-07-12,2.11
2018-07-13,2.10
2018-07-16,2.14
2018-07-17,2.14
2018-07-18,2.12
2018-07-19,2.10
2018-07-20,2.10
2018-07-23,2.14
2018-07-24,2.14
2018-07-25,2.14
2018-07-26,2.13
2018-07-27,2.14
2018-07-30,2.16
2018-07-31,2.16
2018-08-01,2.16
2018-08-02,2.16
2018-08-03,2.17
2018-08-06,2.18
2018-08-07,2.18
2018-08-08,2.18
2018-08-09,2.19
2018-08-10,2.17
2018-08-13,2.17
2018-08-14,2.19
2018-08-15,2.17
2018-08-16,2.18
2018-08-17,2.18
2018-08-20,2.20
2018-08-21,2.19
2018-08-22,2.18
2018-08-23,2.17
2018-08-24,2.19
2018-08-27,2.20
2018-08-28,2.22
2018-08-29,2.22
2018-08-30,2.22
2018-08-31,2.22
2018-09-03,.
2018-09-04,2.24
2018-09-05,2.25
2018-09-06,2.24
2018-09-07,2.24
2018-09-10,2.27
2018-09-11,2.26
2018-09-12,2.27
2018-09-13,2.27
2018-09-14,2.27
2018-09-17,2.30
2018-09-18,2.31
2018-09-19,2.30
2018-09-20,2.31
2018-09-21,2.32
2018-09-24,2.33
2018-09-25,2.32
2018-09-26,2.31
2018-09-27,2.31
2018-09-28,2.30
2018-10-01,2.34
2018-10-02,2.35
2018-10-03,2.35
2018-10-04,2.36
2018-10-05,2.35
2018-10-08,.
2018-10-09,2.40
2018-10-10,2.39
2018-10-11,2.38
2018-10-12,2.38
2018-10-15,2.41
2018-10-16,2.40
2018-10-17,2.41
2018-10-18,2.41
2018-10-19,2.42
2018-10-22,2.43
2018-10-23,2.42
2018-10-24,2.41
2018-10-25,2.41
2018-10-26,2.41
2018-10-29,2.43
2018-10-30,2.42
2018-10-31,2.43
2018-11-01,2.43
2018-11-02,2.44
2018-11-05,2.45
2018-11-06,2.46
2018-11-07,2.45
2018-11-08,2.46
2018-11-09,2.46
2018-11-12,.
2018-11-13,2.47
2018-11-14,2.46
2018-11-15,2.45
2018-11-16,2.44
2018-11-19,2.46
2018-11-20,2.45
2018-11-21,2.46
2018-11-22,.
2018-11-23,2.46
2018-11-26,2.48
2018-11-27,2.47
2018-11-28,2.47
2018-11-29,2.46
2018-11-30,2.46
2018-12-03,2.50
2018-12-04,2.51
2018-12-05,.
2018-12-06,2.49
2018-12-07,2.47
2018-12-10,2.48
2018-12-11,2.49
2018-12-12,2.49
2018-12-13,2.49
2018-12-14,2.49
2018-12-17,2.48
2018-12-18,2.47
2018-12-19,2.47
2018-12-20,2.48
2018-12-21,2.47
2018-12-24,2.46
2018-12-25,.
2018-12-26,2.47
2018-12-27,2.43
2018-12-28,2.42
2018-12-31,2.50
2019-01-01,.
2019-01-02,2.45
2019-01-03,2.41
2019-01-04,2.45
2019-01-07,2.48
2019-01-08,2.48
2019-01-09,2.46
2019-01-10,2.45
2019-01-11,2.44
2019-01-14,2.46
2019-01-15,2.46
2019-01-16,2.43
2019-01-17,2.44
2019-01-18,2.44
2019-01-21,.
2019-01-22,2.45
2019-01-23,2.45
2019-01-24,2.44
2019-01-25,2.45
2019-01-28,2.45
2019-01-29,2.45
2019-01-30,2.44
2019-01-31,2.40
2019-02-01,2.40
2019-02-04,2.43
2019-02-05,2.44
2019-02-06,2.44
2019-02-07,2.43
2019-02-08,2.43
2019-02-11,2.45
2019-02-12,2.44
2019-02-13,2.45
2019-02-14,2.45
2019-02-15,2.44
2019-02-18,.
2019-02-19,2.46
2019-02-20,2.45
2019-02-21,2.45
2019-02-22,2.45
2019-02-25,2.45
2019-02-26,2.45
2019-02-27,2.46
2019-02-28,2.44
2019-03-01,2.45
2019-03-04,2.47
2019-03-05,2.46
2019-03-06,2.46
2019-03-07,2.45
2019-03-08,2.45
2019-03-11,2.47
2019-03-12,2.46
2019-03-13,2.46
2019-03-14,2.45
2019-03-15,2.45
2019-03-18,2.44
2019-03-19,2.45
2019-03-20,2.42
2019-03-21,2.43
2019-03-22,2.41
2019-03-25,2.42
2019-03-26,2.42
2019-03-27,2.39
2019-03-28,2.37
2019-03-29,2.37
2019-04-01,2.39
2019-04-02,2.38
2019-04-03,2.38
2019-04-04,2.39
2019-04-05,2.39
2019-04-08,2.41
2019-04-09,2.39
2019-04-10,2.39
2019-04-11,2.39
2019-04-12,2.40
2019-04-15,2.39
2019-04-16,2.40
2019-04-17,2.40
2019-04-18,2.40
2019-04-19,.
2019-04-22,2.40
2019-04-23,2.39
2019-04-24,2.39
2019-04-25,2.39
2019-04-26,2.39
2019-04-29,2.40
2019-04-30,2.39
2019-05-01,2.37
2019-05-02,2.39
2019-05-03,2.39
2019-05-06,2.39
2019-05-07,2.39
2019-05-08,2.38
2019-05-09,2.39
2019-05-10,2.38
2019-05-13,2.35
2019-05-14,2.36
2019-05-15,2.36
2019-05-16,2.36
2019-05-17,2.35
2019-05-20,2.35
2019-05-21,2.35
2019-05-22,2.34
2019-05-23,2.33
2019-05-24,2.32
2019-05-27,.
2019-05-28,2.31
2019-05-29,2.31
2019-05-30,2.33
2019-05-31,2.29
2019-06-03,2.24
2019-06-04,2.23
2019-06-05,2.19
2019-06-06,2.16
2019-06-07,2.10
2019-06-10,2.15
2019-06-11,2.15
2019-06-12,2.14
2019-06-13,2.12
2019-06-14,2.12
2019-06-17,2.14
2019-06-18,2.14
2019-06-19,2.05
2019-06-20,1.99
2019-06-21,2.00
2019-06-24,2.04
2019-06-25,2.04
2019-06-26,2.06
2019-06-27,2.06
2019-06-28,2.04
2019-07-01,2.04
2019-07-02,2.03
2019-07-03,2.03
2019-07-04,.
2019-07-05,2.09
2019-07-08,2.08
2019-07-09,2.09
2019-07-10,2.02
2019-07-11,2.03
2019-07-12,2.02
2019-07-15,2.00
2019-07-16,2.01
2019-07-17,1.99
2019-07-18,1.96
2019-07-19,1.98
2019-07-22,2.02
2019-07-23,2.03
2019-07-24,2.03
2019-07-25,2.03
2019-07-26,2.05
2019-07-29,2.04
2019-07-30,2.02
2019-07-31,2.04
2019-08-01,1.99
2019-08-02,1.97
2019-08-05,1.94
2019-08-06,1.95
2019-08-07,1.90
2019-08-08,1.91
2019-08-09,1.90
2019-08-12,1.89
2019-08-13,1.91
2019-08-14,1.87
2019-08-15,1.81
2019-08-16,1.80
2019-08-19,1.85
2019-08-20,1.84
2019-08-21,1.85
2019-08-22,1.86
2019-08-23,1.83
2019-08-26,1.85
2019-08-27,1.89
2019-08-28,1.84
2019-08-29,1.84
2019-08-30,1.84
2019-09-02,.
2019-09-03,1.83
2019-09-04,1.82
2019-09-05,1.83
2019-09-06,1.83
2019-09-09,1.82
2019-09-10,1.84
2019-09-11,1.83
2019-09-12,1.85
2019-09-13,1.87
2019-09-16,1.88
2019-09-17,1.88
2019-09-18,1.86
2019-09-19,1.87
2019-09-20,1.86
2019-09-23,1.88
2019-09-24,1.86
2019-09-25,1.85
2019-09-26,1.83
2019-09-27,1.80
2019-09-30,1.78
2019-10-01,1.76
2019-10-02,1.71
2019-10-03,1.62
2019-10-04,1.61
2019-10-07,1.69
2019-10-08,1.65
2019-10-09,1.65
2019-10-10,1.64
2019-10-11,1.64
2019-10-14,.
2019-10-15,1.63
2019-10-16,1.60
2019-10-17,1.59
2019-10-18,1.59
2019-10-21,1.61
2019-10-22,1.60
2019-10-23,1.60
2019-10-24,1.61
2019-10-25,1.62
2019-10-28,1.61
2019-10-29,1.60
2019-10-30,1.58
2019-10-31,1.53
2019-11-01,1.51
2019-11-04,1.53
2019-11-05,1.54
2019-11-06,1.53
2019-11-07,1.54
2019-11-08,1.54
2019-11-11,.
2019-11-12,1.55
2019-11-13,1.55
2019-11-14,1.54
2019-11-15,1.55
2019-11-18,1.54
2019-11-19,1.54
2019-11-20,1.54
2019-11-21,1.55
2019-11-22,1.55
2019-11-25,1.57
2019-11-26,1.58
2019-11-27,1.59
2019-11-28,.
2019-11-29,1.59
2019-12-02,1.58
2019-12-03,1.53
2019-12-04,1.52
2019-12-05,1.51
2019-12-06,1.52
2019-12-09,1.54
2019-12-10,1.53
2019-12-11,1.54
2019-12-12,1.53
2019-12-13,1.52
2019-12-16,1.54
2019-12-17,1.54
2019-12-18,1.54
2019-12-19,1.53
2019-12-20,1.54
2019-12-23,1.56
2019-12-24,1.57
2019-12-25,.
2019-12-26,1.57
2019-12-27,1.55
2019-12-30,1.56
2019-12-31,1.56
2020-01-01,.
2020-01-02,1.53
2020-01-03,1.51
2020-01-06,1.52
2020-01-07,1.52
2020-01-08,1.52
2020-01-09,1.52
2020-01-10,1.51
2020-01-13,1.53
2020-01-14,1.53
2020-01-15,1.54
2020-01-16,1.52
2020-01-17,1.53
2020-01-20,.
2020-01-21,1.53
2020-01-22,1.52
2020-01-23,1.52
2020-01-24,1.51
2020-01-27,1.53
2020-01-28,1.54
2020-01-29,1.53
2020-01-30,1.53
2020-01-31,1.50
2020-02-03,1.52
2020-02-04,1.53
2020-02-05,1.53
2020-02-06,1.54
2020-02-07,1.53
2020-02-10,1.54
2020-02-11,1.51
2020-02-12,1.52
2020-02-13,1.52
2020-02-14,1.52
2020-02-17,.
2020-02-18,1.52
2020-02-19,1.52
2020-02-20,1.51
2020-02-21,1.49
2020-02-24,1.45
2020-02-25,1.43
2020-02-26,1.39
2020-02-27,1.30
2020-02-28,1.09
2020-03-02,0.93
2020-03-03,0.82
2020-03-04,0.67
2020-03-05,0.52
2020-03-06,0.40
2020-03-09,0.27
2020-03-10,0.42
2020-03-11,0.39
2020-03-12,0.36
2020-03-13,0.37
2020-03-16,0.29
2020-03-17,0.24
2020-03-18,0.08
2020-03-19,0.06
2020-03-20,0.05
2020-03-23,0.08
2020-03-24,0.09
2020-03-25,0.07
2020-03-26,0.04
2020-03-27,0.02
2020-03-30,0.12
2020-03-31,0.15
2020-04-01,0.14
2020-04-02,0.15
2020-04-03,0.15
2020-04-06,0.17
2020-04-07,0.20
2020-04-08,0.24
2020-04-09,0.24
2020-04-10,.
2020-04-13,0.27
2020-04-14,0.24
2020-04-15,0.19
2020-04-16,0.18
2020-04-17,0.16
2020-04-20,0.15
2020-04-21,0.14
2020-04-22,0.14
2020-04-23,0.14
2020-04-24,0.14
2020-04-27,0.15
2020-04-28,0.13
2020-04-29,0.12
2020-04-30,0.11
2020-05-01,0.12
2020-05-04,0.14
2020-05-05,0.15
2020-05-06,0.16
2020-05-07,0.14
2020-05-08,0.15
2020-05-11,0.16
2020-05-12,0.16
2020-05-13,0.15
2020-05-14,0.15
2020-05-15,0.15
2020-05-18,0.15
2020-05-19,0.15
2020-05-20,0.14
2020-05-21,0.14
2020-05-22,0.16
2020-05-25,.
2020-05-26,0.17
2020-05-27,0.17
2020-05-28,0.18
2020-05-29,0.18
2020-06-01,0.18
2020-06-02,0.18
2020-06-03,0.19
2020-06-04,0.18
2020-06-05,0.18
2020-06-08,0.19
2020-06-09,0.19
2020-06-10,0.19
2020-06-11,0.18
2020-06-12,0.18
2020-06-15,0.19
2020-06-16,0.19
2020-06-17,0.18
2020-06-18,0.17
2020-06-19,0.17
2020-06-22,0.18
2020-06-23,0.17
2020-06-24,0.17
2020-06-25,0.17
2020-06-26,0.17
2020-06-29,0.18
2020-06-30,0.18
2020-07-01,0.17
2020-07-02,0.16
2020-07-03,.
2020-07-06,0.16
2020-07-07,0.17
2020-07-08,0.17
2020-07-09,0.16
2020-07-10,0.15
2020-07-13,0.15
2020-07-14,0.14
2020-07-15,0.15
2020-07-16,0.13
2020-07-17,0.13
2020-07-20,0.14
2020-07-21,0.13
2020-07-22,0.14
2020-07-23,0.13
2020-07-24,0.14
2020-07-27,0.14
2020-07-28,0.12
2020-07-29,0.12
2020-07-30,0.11
2020-07-31,0.10
2020-08-03,0.11
2020-08-04,0.11
2020-08-05,0.12
2020-08-06,0.11
2020-08-07,0.12
2020-08-10,0.13
2020-08-11,0.12
2020-08-12,0.12
2020-08-13,0.12
2020-08-14,0.12
2020-08-17,0.12
2020-08-18,0.13
2020-08-19,0.12
2020-08-20,0.13
2020-08-21,0.12
2020-08-24,0.12
2020-08-25,0.12
2020-08-26,0.12
2020-08-27,0.11
2020-08-28,0.11
2020-08-31,0.13
2020-09-01,0.13
2020-09-02,0.12
2020-09-03,0.12
2020-09-04,0.12
2020-09-07,.
2020-09-08,0.14
2020-09-09,0.14
2020-09-10,0.12
2020-09-11,0.12
2020-09-14,0.13
2020-09-15,0.12
2020-09-16,0.12
2020-09-17,0.11
2020-09-18,0.12
2020-09-21,0.11
2020-09-22,0.11
2020-09-23,0.11
2020-09-24,0.11
2020-09-25,0.11
2020-09-28,0.11
2020-09-29,0.11
2020-09-30,0.11
2020-10-01,0.10
2020-10-02,0.11
2020-10-05,0.11
2020-10-06,0.11
2020-10-07,0.12
2020-10-08,0.12
2020-10-09,0.12
2020-10-12,.
2020-10-13,0.12
2020-10-14,0.12
2020-10-15,0.12
2020-10-16,0.12
2020-10-19,0.11
2020-10-20,0.12
2020-10-21,0.12
2020-10-22,0.11
2020-10-23,0.11
2020-10-26,0.12
2020-10-27,0.11
2020-10-28,0.11
2020-10-29,0.10
2020-10-30,0.11
2020-11-02,0.11
2020-11-03,0.12
2020-11-04,0.10
2020-11-05,0.10
2020-11-06,0.11
2020-11-09,0.11
2020-11-10,0.11
2020-11-11,.
2020-11-12,0.10
2020-11-13,0.10
2020-11-16,0.12
2020-11-17,0.10
2020-11-18,0.10
2020-11-19,0.10
2020-11-20,0.10
2020-11-23,0.08
2020-11-24,0.10
2020-11-25,0.09
2020-11-26,.
2020-11-27,0.10
2020-11-30,0.09
2020-12-01,0.10
2020-12-02,0.10
2020-12-03,0.09
2020-12-04,0.10
2020-12-07,0.10
2020-12-08,0.09
2020-12-09,0.09
2020-12-10,0.09
2020-12-11,0.08
2020-12-14,0.08
2020-12-15,0.08
2020-12-16,0.09
2020-12-17,0.09
2020-12-18,0.09
2020-12-21,0.09
2020-12-22,0.09
2020-12-23,0.09
2020-12-24,0.09
2020-12-25,.
2020-12-28,0.11
2020-12-29,0.12
2020-12-30,0.09
2020-12-31,0.09
2021-01-01,.
2021-01-04,0.09
2021-01-05,0.09
2021-01-06,0.09
2021-01-07,0.09
2021-01-08,0.09
2021-01-11,0.10
2021-01-12,0.09
2021-01-13,0.10
2021-01-14,0.09
2021-01-15,0.10
2021-01-18,.
2021-01-19,0.11
2021-01-20,0.10
2021-01-21,0.09
2021-01-22,0.10
2021-01-25,0.09
2021-01-26,0.09
2021-01-27,0.09
2021-01-28,0.08
2021-01-29,0.07
2021-02-01,0.08
2021-02-02,0.08
2021-02-03,0.06
2021-02-04,0.06
2021-02-05,0.05
2021-02-08,0.05
2021-02-09,0.06
2021-02-10,0.06
2021-02-11,0.06
2021-02-12,0.05
2021-02-15,.
2021-02-16,0.06
2021-02-17,0.06
2021-02-18,0.04
2021-02-19,0.06
2021-02-22,0.04
2021-02-23,0.05
2021-02-24,0.05
2021-02-25,0.06
2021-02-26,0.05
2021-03-01,0.07
2021-03-02,0.06
2021-03-03,0.07
2021-03-04,0.07
2021-03-05,0.07
2021-03-08,0.06
2021-03-09,0.07
2021-03-10,0.06
2021-03-11,0.05
2021-03-12,0.06
2021-03-15,0.06
2021-03-16,0.06
2021-03-17,0.05
2021-03-18,0.03
2021-03-19,0.03
2021-03-22,0.05
2021-03-23,0.04
2021-03-24,0.04
2021-03-25,0.04
2021-03-26,0.04
2021-03-29,0.04
2021-03-30,0.04
2021-03-31,0.05
2021-04-01,0.04
2021-04-02,0.04
2021-04-05,0.04
2021-04-06,0.04
2021-04-07,0.04
2021-04-08,0.04
2021-04-09,0.03
2021-04-12,0.04
2021-04-13,0.05
2021-04-14,0.04
2021-04-15,0.04
2021-04-16,0.04
2021-04-19,0.04
2021-04-20,0.04
2021-04-21,0.04
2021-04-22,0.04
2021-04-23,0.03
2021-04-26,0.04
2021-04-27,0.04
2021-04-28,0.04
2021-04-29,0.04
2021-04-30,0.03
2021-05-03,0.04
2021-05-04,0.04
2021-05-05,0.04
2021-05-06,0.04
2021-05-07,0.04
2021-05-10,0.04
2021-05-11,0.04
2021-05-12,0.04
2021-05-13,0.03
2021-05-14,0.03
2021-05-17,0.04
2021-05-18,0.03
2021-05-19,0.03
2021-05-20,0.03
2021-05-21,0.02
2021-05-24,0.03
2021-05-25,0.04
2021-05-26,0.04
2021-05-27,0.04
2021-05-28,0.03
2021-05-31,.
2021-06-01,0.04
2021-06-02,0.04
2021-06-03,0.04
2021-06-04,0.04
2021-06-07,0.04
2021-06-08,0.04
2021-06-09,0.04
2021-06-10,0.04
2021-06-11,0.04
2021-06-14,0.05
2021-06-15,0.05
2021-06-16,0.06
2021-06-17,0.06
2021-06-18,0.06
2021-06-21,0.06
2021-06-22,0.06
2021-06-23,0.05
2021-06-24,0.05
2021-06-25,0.06
2021-06-28,0.06
2021-06-29,0.06
2021-06-30,0.06
2021-07-01,0.05
2021-07-02,0.05
2021-07-05,.
2021-07-06,0.06
2021-07-07,0.05
2021-07-08,0.06
2021-07-09,0.05
2021-07-12,0.06
2021-07-13,0.06
2021-07-14,0.05
2021-07-15,0.05
2021-07-16,0.05
2021-07-19,0.06
2021-07-20,0.06
2021-07-21,0.05
2021-07-22,0.05
2021-07-23,0.05
2021-07-26,0.06
2021-07-27,0.05
2021-07-28,0.05
2021-07-29,0.05
2021-07-30,0.05
2021-08-02,0.06
2021-08-03,0.06
2021-08-04,0.05
2021-08-05,0.06
2021-08-06,0.06
2021-08-09,0.06
2021-08-10,0.05
2021-08-11,0.06
2021-08-12,0.06
2021-08-13,0.05
2021-08-16,0.05
2021-08-17,0.06
2021-08-18,0.05
2021-08-19,0.05
2021-08-20,0.05
2021-08-23,0.06
2021-08-24,0.05
2021-08-25,0.06
2021-08-26,0.06
2021-08-27,0.05
2021-08-30,0.05
2021-08-31,0.06
2021-09-01,0.06
2021-09-02,0.06
2021-09-03,0.05
2021-09-06,.
2021-09-07,0.06
2021-09-08,0.06
2021-09-09,0.05
2021-09-10,0.06
2021-09-13,0.06
2021-09-14,0.05
2021-09-15,0.05
2021-09-16,0.05
2021-09-17,0.05
2021-09-20,0.05
2021-09-21,0.04
2021-09-22,0.05
2021-09-23,0.04
2021-09-24,0.05
2021-09-27,0.05
2021-09-28,0.06
2021-09-29,0.05
2021-09-30,0.05
2021-10-01,0.05
2021-10-04,0.06
2021-10-05,0.06
2021-10-06,0.06
2021-10-07,0.06
2021-10-08,0.07
2021-10-11,.
2021-10-12,0.06
2021-10-13,0.06
2021-10-14,0.06
2021-10-15,0.06
2021-10-18,0.06
2021-10-19,0.06
2021-10-20,0.06
2021-10-21,0.06
2021-10-22,0.07
2021-10-25,0.06
2021-10-26,0.06
2021-10-27,0.07
2021-10-28,0.06
2021-10-29,0.07
2021-11-01,0.06
2021-11-02,0.07
2021-11-03,0.07
2021-11-04,0.07
2021-11-05,0.07
2021-11-08,0.07
2021-11-09,0.06
2021-11-10,0.07
2021-11-11,.
2021-11-12,0.07
2021-11-15,0.06
2021-11-16,0.07
2021-11-17,0.06
2021-11-18,0.06
2021-11-19,0.06
2021-11-22,0.07
2021-11-23,0.07
2021-11-24,0.10
2021-11-25,.
2021-11-26,0.10
2021-11-29,0.10
2021-11-30,0.10
2021-12-01,0.10
2021-12-02,0.09
2021-12-03,0.09
2021-12-06,0.13
2021-12-07,0.15
2021-12-08,0.13
2021-12-09,0.12
2021-12-10,0.13
2021-12-13,0.11
2021-12-14,0.13
2021-12-15,0.13
2021-12-16,0.13
2021-12-17,0.13
2021-12-20,0.16
2021-12-21,0.16
2021-12-22,0.16
2021-12-23,0.18
2021-12-24,.
2021-12-27,0.21
2021-12-28,0.20
2021-12-29,0.19
2021-12-30,0.19
2021-12-31,0.19
2022-01-03,0.22
2022-01-04,0.23
2022-01-05,0.23
2022-01-06,0.23
2022-01-07,0.24
2022-01-10,0.29
2022-01-11,0.28
2022-01-12,0.28
2022-01-13,0.28
2022-01-14,0.30
2022-01-17,.
2022-01-18,0.37
2022-01-19,0.36
2022-01-20,0.36
2022-01-21,0.35
2022-01-24,0.39
2022-01-25,0.39
2022-01-26,0.40
2022-01-27,0.43
2022-01-28,0.43
2022-01-31,0.49
2022-02-01,0.48
2022-02-02,0.45
2022-02-03,0.48
2022-02-04,0.55
2022-02-07,0.59
2022-02-08,0.59
2022-02-09,0.57
2022-02-10,0.74
2022-02-11,0.70
2022-02-14,0.77
2022-02-15,0.72
2022-02-16,0.67
2022-02-17,0.65
2022-02-18,0.65
2022-02-21,.
2022-02-22,0.74
2022-02-23,0.74
2022-02-24,0.64
2022-02-25,0.71
2022-02-28,0.68
2022-03-01,0.59
2022-03-02,0.66
2022-03-03,0.67
2022-03-04,0.66
2022-03-07,0.73
2022-03-08,0.70
2022-03-09,0.73
2022-03-10,0.73
2022-03-11,0.75
2022-03-14,0.84
2022-03-15,0.84
